id,username,avatar
1,Easton.Gusikowski85,https://s3.amazonaws.com/uifaces/faces/twitter/pyronite/128.jpg
2,Wilfred.Kozey,https://s3.amazonaws.com/uifaces/faces/twitter/ssiskind/128.jpg
3,Stevie.Connelly,https://s3.amazonaws.com/uifaces/faces/twitter/sasha_shestakov/128.jpg
4,Jaunita54,https://s3.amazonaws.com/uifaces/faces/twitter/michaelcolenso/128.jpg
5,Fabiola83,https://s3.amazonaws.com/uifaces/faces/twitter/vm_f/128.jpg
6,Eldora.Hamill,https://s3.amazonaws.com/uifaces/faces/twitter/haydn_woods/128.jpg
7,Mervin_Hilpert,https://s3.amazonaws.com/uifaces/faces/twitter/kevinjohndayy/128.jpg
8,Aidan.Cremin,https://s3.amazonaws.com/uifaces/faces/twitter/ultragex/128.jpg
9,Clovis.Larson36,https://s3.amazonaws.com/uifaces/faces/twitter/desastrozo/128.jpg
10,Gustave_Ziemann,https://s3.amazonaws.com/uifaces/faces/twitter/paulfarino/128.jpg
11,Paula26,https://s3.amazonaws.com/uifaces/faces/twitter/ah_lice/128.jpg
12,Rosina.Hartmann,https://s3.amazonaws.com/uifaces/faces/twitter/atanism/128.jpg
13,Santos_Hoppe,https://s3.amazonaws.com/uifaces/faces/twitter/tumski/128.jpg
14,Erik_Torp4,https://s3.amazonaws.com/uifaces/faces/twitter/thatonetommy/128.jpg
15,Sammie.Collier,https://s3.amazonaws.com/uifaces/faces/twitter/gregrwilkinson/128.jpg
16,Ezequiel_Koch,https://s3.amazonaws.com/uifaces/faces/twitter/Shriiiiimp/128.jpg
17,Hollie_Ryan1,https://s3.amazonaws.com/uifaces/faces/twitter/linkibol/128.jpg
18,Annie95,https://s3.amazonaws.com/uifaces/faces/twitter/jehnglynn/128.jpg
19,Adolph.Harber88,https://s3.amazonaws.com/uifaces/faces/twitter/peterlandt/128.jpg
20,Keshaun.Okuneva,https://s3.amazonaws.com/uifaces/faces/twitter/lawlbwoy/128.jpg
21,Claire.Hilpert,https://s3.amazonaws.com/uifaces/faces/twitter/gojeanyn/128.jpg
22,Mandy64,https://s3.amazonaws.com/uifaces/faces/twitter/maximsorokin/128.jpg
23,Nathanial_Ullrich,https://s3.amazonaws.com/uifaces/faces/twitter/adrienths/128.jpg
24,Waylon_Stark89,https://s3.amazonaws.com/uifaces/faces/twitter/tristanlegros/128.jpg
25,Trisha.Rosenbaum50,https://s3.amazonaws.com/uifaces/faces/twitter/reetajayendra/128.jpg
26,Arnold_Veum,https://s3.amazonaws.com/uifaces/faces/twitter/zforrester/128.jpg
27,Deion.Kuhlman,https://s3.amazonaws.com/uifaces/faces/twitter/millinet/128.jpg
28,Laura_Vandervort,https://s3.amazonaws.com/uifaces/faces/twitter/shadeed9/128.jpg
29,Wellington99,https://s3.amazonaws.com/uifaces/faces/twitter/guiiipontes/128.jpg
30,Katelin_Graham,https://s3.amazonaws.com/uifaces/faces/twitter/wegotvices/128.jpg
31,Cyril.Jones,https://s3.amazonaws.com/uifaces/faces/twitter/heyimjuani/128.jpg
32,Jamison85,https://s3.amazonaws.com/uifaces/faces/twitter/elliotnolten/128.jpg
33,Maurine.Rippin1,https://s3.amazonaws.com/uifaces/faces/twitter/samihah/128.jpg
34,Chadd89,https://s3.amazonaws.com/uifaces/faces/twitter/calebjoyce/128.jpg
35,Raquel71,https://s3.amazonaws.com/uifaces/faces/twitter/dhoot_amit/128.jpg
36,Danika.Wiegand,https://s3.amazonaws.com/uifaces/faces/twitter/marclgonzales/128.jpg
37,Consuelo71,https://s3.amazonaws.com/uifaces/faces/twitter/adityasutomo/128.jpg
38,Marcellus33,https://s3.amazonaws.com/uifaces/faces/twitter/ryuchi311/128.jpg
39,Delaney95,https://s3.amazonaws.com/uifaces/faces/twitter/oskamaya/128.jpg
40,Mario17,https://s3.amazonaws.com/uifaces/faces/twitter/victorstuber/128.jpg
41,Keshaun_Kreiger,https://s3.amazonaws.com/uifaces/faces/twitter/davidcazalis/128.jpg
42,Elfrieda24,https://s3.amazonaws.com/uifaces/faces/twitter/rdbannon/128.jpg
43,Lacy55,https://s3.amazonaws.com/uifaces/faces/twitter/smenov/128.jpg
44,Meaghan.Bailey59,https://s3.amazonaws.com/uifaces/faces/twitter/denisepires/128.jpg
45,Libbie_Goldner,https://s3.amazonaws.com/uifaces/faces/twitter/imcoding/128.jpg
46,Bailee_Skiles46,https://s3.amazonaws.com/uifaces/faces/twitter/xravil/128.jpg
47,Hettie_Heathcote,https://s3.amazonaws.com/uifaces/faces/twitter/gojeanyn/128.jpg
48,Maverick14,https://s3.amazonaws.com/uifaces/faces/twitter/davidsasda/128.jpg
49,Liliane_Donnelly,https://s3.amazonaws.com/uifaces/faces/twitter/cofla/128.jpg
50,Sylvan_Ruecker,https://s3.amazonaws.com/uifaces/faces/twitter/jefffis/128.jpg
51,Maegan.Hegmann,https://s3.amazonaws.com/uifaces/faces/twitter/uxward/128.jpg
52,Mollie_Crist,https://s3.amazonaws.com/uifaces/faces/twitter/weglov/128.jpg
53,Telly_Buckridge50,https://s3.amazonaws.com/uifaces/faces/twitter/dzantievm/128.jpg
54,Ashleigh.Lebsack,https://s3.amazonaws.com/uifaces/faces/twitter/prrstn/128.jpg
55,Vincenzo.Roberts,https://s3.amazonaws.com/uifaces/faces/twitter/carlfairclough/128.jpg
56,Retha_Mante90,https://s3.amazonaws.com/uifaces/faces/twitter/chrisslowik/128.jpg
57,Edgardo.Stamm,https://s3.amazonaws.com/uifaces/faces/twitter/d00maz/128.jpg
58,Garrett_Grant,https://s3.amazonaws.com/uifaces/faces/twitter/xravil/128.jpg
59,Vicenta_Bergstrom,https://s3.amazonaws.com/uifaces/faces/twitter/katiemdaly/128.jpg
60,Kristopher.Beier,https://s3.amazonaws.com/uifaces/faces/twitter/chatyrko/128.jpg
61,Kara.Mohr,https://s3.amazonaws.com/uifaces/faces/twitter/smenov/128.jpg
62,Armani.Dibbert55,https://s3.amazonaws.com/uifaces/faces/twitter/primozcigler/128.jpg
63,Dallas.King,https://s3.amazonaws.com/uifaces/faces/twitter/adrienths/128.jpg
64,Eve_Kris13,https://s3.amazonaws.com/uifaces/faces/twitter/iqonicd/128.jpg
65,Jorge.Gottlieb,https://s3.amazonaws.com/uifaces/faces/twitter/mirfanqureshi/128.jpg
66,Cathy.Witting,https://s3.amazonaws.com/uifaces/faces/twitter/zauerkraut/128.jpg
67,Anissa_Leannon,https://s3.amazonaws.com/uifaces/faces/twitter/mattlat/128.jpg
68,Keegan1,https://s3.amazonaws.com/uifaces/faces/twitter/sulaqo/128.jpg
69,Estevan_Brakus59,https://s3.amazonaws.com/uifaces/faces/twitter/carbontwelve/128.jpg
70,Giovanna.Will57,https://s3.amazonaws.com/uifaces/faces/twitter/adhiardana/128.jpg
71,Ethelyn_Hickle,https://s3.amazonaws.com/uifaces/faces/twitter/_pedropinho/128.jpg
72,Bria.Ondricka,https://s3.amazonaws.com/uifaces/faces/twitter/plasticine/128.jpg
73,Rogelio.Lemke87,https://s3.amazonaws.com/uifaces/faces/twitter/kaelifa/128.jpg
74,Peggie82,https://s3.amazonaws.com/uifaces/faces/twitter/kijanmaharjan/128.jpg
75,Delmer_Goldner,https://s3.amazonaws.com/uifaces/faces/twitter/karsh/128.jpg
76,Lemuel0,https://s3.amazonaws.com/uifaces/faces/twitter/shaneIxD/128.jpg
77,Amiya.Waters17,https://s3.amazonaws.com/uifaces/faces/twitter/cherif_b/128.jpg
78,Johann_VonRueden45,https://s3.amazonaws.com/uifaces/faces/twitter/gseguin/128.jpg
79,Travon.Mraz63,https://s3.amazonaws.com/uifaces/faces/twitter/chadengle/128.jpg
80,Susan7,https://s3.amazonaws.com/uifaces/faces/twitter/sachingawas/128.jpg
81,Gail_Moore,https://s3.amazonaws.com/uifaces/faces/twitter/zforrester/128.jpg
82,Samanta_Stracke,https://s3.amazonaws.com/uifaces/faces/twitter/dactrtr/128.jpg
83,Dillan_Casper,https://s3.amazonaws.com/uifaces/faces/twitter/falconerie/128.jpg
84,Genesis_Collins,https://s3.amazonaws.com/uifaces/faces/twitter/allagringaus/128.jpg
85,Ellen_Yost18,https://s3.amazonaws.com/uifaces/faces/twitter/jacksonlatka/128.jpg
86,Jaylin.Cartwright,https://s3.amazonaws.com/uifaces/faces/twitter/miguelmendes/128.jpg
87,Milan14,https://s3.amazonaws.com/uifaces/faces/twitter/abdulhyeuk/128.jpg
88,Jazlyn_Breitenberg,https://s3.amazonaws.com/uifaces/faces/twitter/ssiskind/128.jpg
89,Arielle_Kuvalis,https://s3.amazonaws.com/uifaces/faces/twitter/vladarbatov/128.jpg
90,Beatrice91,https://s3.amazonaws.com/uifaces/faces/twitter/demersdesigns/128.jpg
91,Derek29,https://s3.amazonaws.com/uifaces/faces/twitter/brandonflatsoda/128.jpg
92,Briana_Beier88,https://s3.amazonaws.com/uifaces/faces/twitter/johncafazza/128.jpg
93,Emmie81,https://s3.amazonaws.com/uifaces/faces/twitter/mashaaaaal/128.jpg
94,Jody_Zemlak,https://s3.amazonaws.com/uifaces/faces/twitter/dallasbpeters/128.jpg
95,Miles_Ebert,https://s3.amazonaws.com/uifaces/faces/twitter/faisalabid/128.jpg
96,Laverne18,https://s3.amazonaws.com/uifaces/faces/twitter/jffgrdnr/128.jpg
97,Myrtice_Brown28,https://s3.amazonaws.com/uifaces/faces/twitter/baumann_alex/128.jpg
98,Yoshiko.Ratke78,https://s3.amazonaws.com/uifaces/faces/twitter/danro/128.jpg
99,Shayne.Schimmel,https://s3.amazonaws.com/uifaces/faces/twitter/johncafazza/128.jpg
100,Aidan.Muller46,https://s3.amazonaws.com/uifaces/faces/twitter/luxe/128.jpg
101,Ellis.Terry,https://s3.amazonaws.com/uifaces/faces/twitter/increase/128.jpg
102,Randall41,https://s3.amazonaws.com/uifaces/faces/twitter/overcloacked/128.jpg
103,Theresa96,https://s3.amazonaws.com/uifaces/faces/twitter/dhooyenga/128.jpg
104,Thora31,https://s3.amazonaws.com/uifaces/faces/twitter/jehnglynn/128.jpg
105,Peter.Jacobs65,https://s3.amazonaws.com/uifaces/faces/twitter/michaelabehsera/128.jpg
106,Dorian.DAmore89,https://s3.amazonaws.com/uifaces/faces/twitter/ripplemdk/128.jpg
107,Ransom.Bogan,https://s3.amazonaws.com/uifaces/faces/twitter/imcoding/128.jpg
108,Daphnee1,https://s3.amazonaws.com/uifaces/faces/twitter/iamsteffen/128.jpg
109,Amparo_Dickens10,https://s3.amazonaws.com/uifaces/faces/twitter/abdullindenis/128.jpg
110,Sid_Oberbrunner1,https://s3.amazonaws.com/uifaces/faces/twitter/terrorpixel/128.jpg
111,Tomas68,https://s3.amazonaws.com/uifaces/faces/twitter/marcusgorillius/128.jpg
112,Morris.Thompson5,https://s3.amazonaws.com/uifaces/faces/twitter/rickdt/128.jpg
113,Bernadine.Weimann31,https://s3.amazonaws.com/uifaces/faces/twitter/mylesb/128.jpg
114,Pat24,https://s3.amazonaws.com/uifaces/faces/twitter/flexrs/128.jpg
115,Spencer.Brekke95,https://s3.amazonaws.com/uifaces/faces/twitter/gojeanyn/128.jpg
116,Emmett49,https://s3.amazonaws.com/uifaces/faces/twitter/drewbyreese/128.jpg
117,Lula.Rutherford,https://s3.amazonaws.com/uifaces/faces/twitter/demersdesigns/128.jpg
118,Antonina_Waelchi,https://s3.amazonaws.com/uifaces/faces/twitter/prinzadi/128.jpg
119,Bret_Leannon,https://s3.amazonaws.com/uifaces/faces/twitter/nvkznemo/128.jpg
120,Brando.Stokes,https://s3.amazonaws.com/uifaces/faces/twitter/hota_v/128.jpg
121,Jeanette15,https://s3.amazonaws.com/uifaces/faces/twitter/jghyllebert/128.jpg
122,Michale92,https://s3.amazonaws.com/uifaces/faces/twitter/vladyn/128.jpg
123,Liliane.Zulauf,https://s3.amazonaws.com/uifaces/faces/twitter/travis_arnold/128.jpg
124,Darrick1,https://s3.amazonaws.com/uifaces/faces/twitter/lawlbwoy/128.jpg
125,Shaylee63,https://s3.amazonaws.com/uifaces/faces/twitter/ssbb_me/128.jpg
126,Hobart.Huel,https://s3.amazonaws.com/uifaces/faces/twitter/YoungCutlass/128.jpg
127,Rylan91,https://s3.amazonaws.com/uifaces/faces/twitter/ratbus/128.jpg
128,Arely.Rath63,https://s3.amazonaws.com/uifaces/faces/twitter/ovall/128.jpg
129,Evan_Kilback,https://s3.amazonaws.com/uifaces/faces/twitter/osmanince/128.jpg
130,Roel_Connelly,https://s3.amazonaws.com/uifaces/faces/twitter/derekebradley/128.jpg
131,Virgil28,https://s3.amazonaws.com/uifaces/faces/twitter/themikenagle/128.jpg
132,Emile15,https://s3.amazonaws.com/uifaces/faces/twitter/fabbianz/128.jpg
133,Leonor.Blick13,https://s3.amazonaws.com/uifaces/faces/twitter/hermanobrother/128.jpg
134,Carrie_Muller,https://s3.amazonaws.com/uifaces/faces/twitter/spacewood_/128.jpg
135,Lavinia.Konopelski,https://s3.amazonaws.com/uifaces/faces/twitter/okseanjay/128.jpg
136,Tamia69,https://s3.amazonaws.com/uifaces/faces/twitter/zackeeler/128.jpg
137,Shad_Simonis,https://s3.amazonaws.com/uifaces/faces/twitter/martip07/128.jpg
138,Lelah78,https://s3.amazonaws.com/uifaces/faces/twitter/matkins/128.jpg
139,Nichole.Kling,https://s3.amazonaws.com/uifaces/faces/twitter/bistrianiosip/128.jpg
140,Kendall50,https://s3.amazonaws.com/uifaces/faces/twitter/fjaguero/128.jpg
141,Emmett37,https://s3.amazonaws.com/uifaces/faces/twitter/uxward/128.jpg
142,Germaine30,https://s3.amazonaws.com/uifaces/faces/twitter/markwienands/128.jpg
143,Theresa_Donnelly25,https://s3.amazonaws.com/uifaces/faces/twitter/agustincruiz/128.jpg
144,Milton_Morissette37,https://s3.amazonaws.com/uifaces/faces/twitter/bboy1895/128.jpg
145,Nestor92,https://s3.amazonaws.com/uifaces/faces/twitter/dparrelli/128.jpg
146,Lorenza20,https://s3.amazonaws.com/uifaces/faces/twitter/prinzadi/128.jpg
147,Benedict_Cronin34,https://s3.amazonaws.com/uifaces/faces/twitter/jarjan/128.jpg
148,Ivah77,https://s3.amazonaws.com/uifaces/faces/twitter/timmillwood/128.jpg
149,Maybell.Turner,https://s3.amazonaws.com/uifaces/faces/twitter/embrcecreations/128.jpg
150,Tyrell76,https://s3.amazonaws.com/uifaces/faces/twitter/mds/128.jpg
151,Maritza_Bosco,https://s3.amazonaws.com/uifaces/faces/twitter/jomarmen/128.jpg
152,Maynard_Casper,https://s3.amazonaws.com/uifaces/faces/twitter/myastro/128.jpg
153,Kianna24,https://s3.amazonaws.com/uifaces/faces/twitter/mahdif/128.jpg
154,Ali62,https://s3.amazonaws.com/uifaces/faces/twitter/dhrubo/128.jpg
155,Lonie_Nienow,https://s3.amazonaws.com/uifaces/faces/twitter/robinclediere/128.jpg
156,Tamia.Kuhn44,https://s3.amazonaws.com/uifaces/faces/twitter/serefka/128.jpg
157,Hadley0,https://s3.amazonaws.com/uifaces/faces/twitter/davidsasda/128.jpg
158,Dillan52,https://s3.amazonaws.com/uifaces/faces/twitter/oaktreemedia/128.jpg
159,Shaniya_Murazik,https://s3.amazonaws.com/uifaces/faces/twitter/ademilter/128.jpg
160,Rudolph7,https://s3.amazonaws.com/uifaces/faces/twitter/magugzbrand2d/128.jpg
161,Hugh48,https://s3.amazonaws.com/uifaces/faces/twitter/hasslunsford/128.jpg
162,Elsie48,https://s3.amazonaws.com/uifaces/faces/twitter/lowie/128.jpg
163,Bobbie_Carroll,https://s3.amazonaws.com/uifaces/faces/twitter/anjhero/128.jpg
164,Janick70,https://s3.amazonaws.com/uifaces/faces/twitter/cggaurav/128.jpg
165,Novella.Schamberger25,https://s3.amazonaws.com/uifaces/faces/twitter/santi_urso/128.jpg
166,Nicklaus.Metz90,https://s3.amazonaws.com/uifaces/faces/twitter/olgary/128.jpg
167,Megane_Wiegand,https://s3.amazonaws.com/uifaces/faces/twitter/chaabane_wail/128.jpg
168,Nya_Ledner4,https://s3.amazonaws.com/uifaces/faces/twitter/coderdiaz/128.jpg
169,Claudia48,https://s3.amazonaws.com/uifaces/faces/twitter/saulihirvi/128.jpg
170,Nola.Fadel,https://s3.amazonaws.com/uifaces/faces/twitter/oksanafrewer/128.jpg
171,Ramiro69,https://s3.amazonaws.com/uifaces/faces/twitter/doronmalki/128.jpg
172,Carolyn_Von,https://s3.amazonaws.com/uifaces/faces/twitter/abdots/128.jpg
173,Javonte_Turcotte10,https://s3.amazonaws.com/uifaces/faces/twitter/jeremymouton/128.jpg
174,Name_Denesik77,https://s3.amazonaws.com/uifaces/faces/twitter/r_oy/128.jpg
175,Christelle_Moore63,https://s3.amazonaws.com/uifaces/faces/twitter/tumski/128.jpg
176,Ruben73,https://s3.amazonaws.com/uifaces/faces/twitter/aluisio_azevedo/128.jpg
177,Tessie.Hintz,https://s3.amazonaws.com/uifaces/faces/twitter/divya/128.jpg
178,Alvena.Spencer,https://s3.amazonaws.com/uifaces/faces/twitter/carlosm/128.jpg
179,Luther.Stanton72,https://s3.amazonaws.com/uifaces/faces/twitter/g3d/128.jpg
180,Myra64,https://s3.amazonaws.com/uifaces/faces/twitter/robbschiller/128.jpg
181,Vergie_Lindgren,https://s3.amazonaws.com/uifaces/faces/twitter/pixage/128.jpg
182,Mallory.Pollich51,https://s3.amazonaws.com/uifaces/faces/twitter/keryilmaz/128.jpg
183,Roslyn21,https://s3.amazonaws.com/uifaces/faces/twitter/klimmka/128.jpg
184,Rosalia60,https://s3.amazonaws.com/uifaces/faces/twitter/dotgridline/128.jpg
185,Brant_Heathcote,https://s3.amazonaws.com/uifaces/faces/twitter/michalhron/128.jpg
186,Erika46,https://s3.amazonaws.com/uifaces/faces/twitter/agromov/128.jpg
187,Cora_Will89,https://s3.amazonaws.com/uifaces/faces/twitter/Karimmove/128.jpg
188,Nichole_Hahn57,https://s3.amazonaws.com/uifaces/faces/twitter/jpscribbles/128.jpg
189,Braxton36,https://s3.amazonaws.com/uifaces/faces/twitter/lonesomelemon/128.jpg
190,Delilah49,https://s3.amazonaws.com/uifaces/faces/twitter/gregkilian/128.jpg
191,Malika59,https://s3.amazonaws.com/uifaces/faces/twitter/leehambley/128.jpg
192,Rosetta_Frami,https://s3.amazonaws.com/uifaces/faces/twitter/digitalmaverick/128.jpg
193,Laury27,https://s3.amazonaws.com/uifaces/faces/twitter/VinThomas/128.jpg
194,Nat86,https://s3.amazonaws.com/uifaces/faces/twitter/coreyginnivan/128.jpg
195,Aliza_Ward,https://s3.amazonaws.com/uifaces/faces/twitter/kazaky999/128.jpg
196,Adaline_Renner,https://s3.amazonaws.com/uifaces/faces/twitter/pehamondello/128.jpg
197,Reva36,https://s3.amazonaws.com/uifaces/faces/twitter/sachacorazzi/128.jpg
198,Jack_Rolfson,https://s3.amazonaws.com/uifaces/faces/twitter/jlsolerdeltoro/128.jpg
199,Gust.Mante,https://s3.amazonaws.com/uifaces/faces/twitter/evandrix/128.jpg
200,Cordia46,https://s3.amazonaws.com/uifaces/faces/twitter/kudretkeskin/128.jpg
201,Devin.Langworth,https://s3.amazonaws.com/uifaces/faces/twitter/arashmanteghi/128.jpg
202,Kaitlyn_McGlynn,https://s3.amazonaws.com/uifaces/faces/twitter/bboy1895/128.jpg
203,Garfield94,https://s3.amazonaws.com/uifaces/faces/twitter/magugzbrand2d/128.jpg
204,Madison.Crona,https://s3.amazonaws.com/uifaces/faces/twitter/ooomz/128.jpg
205,Paul_Price,https://s3.amazonaws.com/uifaces/faces/twitter/marklamb/128.jpg
206,Amely_Wilkinson,https://s3.amazonaws.com/uifaces/faces/twitter/arashmanteghi/128.jpg
207,Lane67,https://s3.amazonaws.com/uifaces/faces/twitter/croakx/128.jpg
208,Caleigh32,https://s3.amazonaws.com/uifaces/faces/twitter/ponchomendivil/128.jpg
209,Mafalda_Beatty40,https://s3.amazonaws.com/uifaces/faces/twitter/ateneupopular/128.jpg
210,Bria_Robel12,https://s3.amazonaws.com/uifaces/faces/twitter/aleinadsays/128.jpg
211,Brenna_Ferry,https://s3.amazonaws.com/uifaces/faces/twitter/emmandenn/128.jpg
212,Lucy.OKon,https://s3.amazonaws.com/uifaces/faces/twitter/xravil/128.jpg
213,Enoch_Zboncak,https://s3.amazonaws.com/uifaces/faces/twitter/rpeezy/128.jpg
214,Dale81,https://s3.amazonaws.com/uifaces/faces/twitter/andyisonline/128.jpg
215,Grover.Nikolaus,https://s3.amazonaws.com/uifaces/faces/twitter/snowshade/128.jpg
216,August23,https://s3.amazonaws.com/uifaces/faces/twitter/the_winslet/128.jpg
217,Ford_Friesen,https://s3.amazonaws.com/uifaces/faces/twitter/thimo_cz/128.jpg
218,Constance.VonRueden26,https://s3.amazonaws.com/uifaces/faces/twitter/plasticine/128.jpg
219,Felipe.Stark,https://s3.amazonaws.com/uifaces/faces/twitter/a1chapone/128.jpg
220,Cody.Vandervort,https://s3.amazonaws.com/uifaces/faces/twitter/baumann_alex/128.jpg
221,Maritza_Klocko,https://s3.amazonaws.com/uifaces/faces/twitter/diesellaws/128.jpg
222,Greyson.Bradtke,https://s3.amazonaws.com/uifaces/faces/twitter/olaolusoga/128.jpg
223,Barry_Dickinson11,https://s3.amazonaws.com/uifaces/faces/twitter/n1ght_coder/128.jpg
224,Adela22,https://s3.amazonaws.com/uifaces/faces/twitter/sta1ex/128.jpg
225,Raina_Senger79,https://s3.amazonaws.com/uifaces/faces/twitter/cherif_b/128.jpg
226,Frederik63,https://s3.amazonaws.com/uifaces/faces/twitter/rude/128.jpg
227,Edwin.Hand,https://s3.amazonaws.com/uifaces/faces/twitter/jeremery/128.jpg
228,Bella_Goldner65,https://s3.amazonaws.com/uifaces/faces/twitter/marciotoledo/128.jpg
229,Dena_Mitchell53,https://s3.amazonaws.com/uifaces/faces/twitter/ismail_biltagi/128.jpg
230,Mercedes5,https://s3.amazonaws.com/uifaces/faces/twitter/amandabuzard/128.jpg
231,Hank81,https://s3.amazonaws.com/uifaces/faces/twitter/thaisselenator_/128.jpg
232,Carter83,https://s3.amazonaws.com/uifaces/faces/twitter/victorDubugras/128.jpg
233,Mona62,https://s3.amazonaws.com/uifaces/faces/twitter/brandclay/128.jpg
234,Charity_Miller,https://s3.amazonaws.com/uifaces/faces/twitter/madewulf/128.jpg
235,Evie9,https://s3.amazonaws.com/uifaces/faces/twitter/osmanince/128.jpg
236,Hellen96,https://s3.amazonaws.com/uifaces/faces/twitter/chanpory/128.jpg
237,Jakob_Ryan39,https://s3.amazonaws.com/uifaces/faces/twitter/timgthomas/128.jpg
238,Raymundo_Schmeler75,https://s3.amazonaws.com/uifaces/faces/twitter/constantx/128.jpg
239,Jamal98,https://s3.amazonaws.com/uifaces/faces/twitter/olaolusoga/128.jpg
240,Weldon_Mayer31,https://s3.amazonaws.com/uifaces/faces/twitter/artem_kostenko/128.jpg
241,Nico51,https://s3.amazonaws.com/uifaces/faces/twitter/joemdesign/128.jpg
242,Genevieve.Dickens,https://s3.amazonaws.com/uifaces/faces/twitter/pechkinator/128.jpg
243,Carol81,https://s3.amazonaws.com/uifaces/faces/twitter/ernestsemerda/128.jpg
244,Axel.Toy,https://s3.amazonaws.com/uifaces/faces/twitter/prrstn/128.jpg
245,Reggie_Kreiger,https://s3.amazonaws.com/uifaces/faces/twitter/djsherman/128.jpg
246,Amelia.Torp16,https://s3.amazonaws.com/uifaces/faces/twitter/stefooo/128.jpg
247,Birdie_Hammes78,https://s3.amazonaws.com/uifaces/faces/twitter/josep_martins/128.jpg
248,Precious53,https://s3.amazonaws.com/uifaces/faces/twitter/coreyweb/128.jpg
249,Jalen_Brekke,https://s3.amazonaws.com/uifaces/faces/twitter/exentrich/128.jpg
250,Loyal_Auer97,https://s3.amazonaws.com/uifaces/faces/twitter/mrjamesnoble/128.jpg
251,Durward.Schaefer,https://s3.amazonaws.com/uifaces/faces/twitter/rpatey/128.jpg
252,Tommie_Blanda9,https://s3.amazonaws.com/uifaces/faces/twitter/d00maz/128.jpg
253,Aurelie.Nikolaus,https://s3.amazonaws.com/uifaces/faces/twitter/mhesslow/128.jpg
254,Pinkie12,https://s3.amazonaws.com/uifaces/faces/twitter/olgary/128.jpg
255,Maryjane.Corwin,https://s3.amazonaws.com/uifaces/faces/twitter/ccinojasso1/128.jpg
256,Kara_Feeney,https://s3.amazonaws.com/uifaces/faces/twitter/VinThomas/128.jpg
257,Sierra.Treutel46,https://s3.amazonaws.com/uifaces/faces/twitter/justinrgraham/128.jpg
258,Birdie.Schoen,https://s3.amazonaws.com/uifaces/faces/twitter/xilantra/128.jpg
259,Providenci.Bechtelar,https://s3.amazonaws.com/uifaces/faces/twitter/ademilter/128.jpg
260,Domenic.Muller8,https://s3.amazonaws.com/uifaces/faces/twitter/derienzo777/128.jpg
261,Serena_Lakin,https://s3.amazonaws.com/uifaces/faces/twitter/lepetitogre/128.jpg
262,Kamren_Dooley,https://s3.amazonaws.com/uifaces/faces/twitter/tgormtx/128.jpg
263,Camila_Labadie,https://s3.amazonaws.com/uifaces/faces/twitter/luxe/128.jpg
264,Kevin_Hagenes,https://s3.amazonaws.com/uifaces/faces/twitter/ludwiczakpawel/128.jpg
265,Jules4,https://s3.amazonaws.com/uifaces/faces/twitter/peter576/128.jpg
266,Gudrun38,https://s3.amazonaws.com/uifaces/faces/twitter/zaki3d/128.jpg
267,Clotilde97,https://s3.amazonaws.com/uifaces/faces/twitter/tomas_janousek/128.jpg
268,Branson18,https://s3.amazonaws.com/uifaces/faces/twitter/salvafc/128.jpg
269,Sim_Kirlin42,https://s3.amazonaws.com/uifaces/faces/twitter/operatino/128.jpg
270,Lacey28,https://s3.amazonaws.com/uifaces/faces/twitter/sangdth/128.jpg
271,Danielle34,https://s3.amazonaws.com/uifaces/faces/twitter/andrewofficer/128.jpg
272,Queenie_Hettinger20,https://s3.amazonaws.com/uifaces/faces/twitter/russoedu/128.jpg
273,Maddison45,https://s3.amazonaws.com/uifaces/faces/twitter/romanbulah/128.jpg
274,Jamal_Miller51,https://s3.amazonaws.com/uifaces/faces/twitter/S0ufi4n3/128.jpg
275,Kelly.Senger,https://s3.amazonaws.com/uifaces/faces/twitter/cdavis565/128.jpg
276,Rosa79,https://s3.amazonaws.com/uifaces/faces/twitter/terrorpixel/128.jpg
277,Vivien.Botsford,https://s3.amazonaws.com/uifaces/faces/twitter/judzhin_miles/128.jpg
278,Catharine3,https://s3.amazonaws.com/uifaces/faces/twitter/stefooo/128.jpg
279,Dashawn_Nienow,https://s3.amazonaws.com/uifaces/faces/twitter/madebybrenton/128.jpg
280,Felicita.Ryan,https://s3.amazonaws.com/uifaces/faces/twitter/vinciarts/128.jpg
281,Baby_Thompson,https://s3.amazonaws.com/uifaces/faces/twitter/ratbus/128.jpg
282,Cathrine.Torphy,https://s3.amazonaws.com/uifaces/faces/twitter/rickyyean/128.jpg
283,Rachael83,https://s3.amazonaws.com/uifaces/faces/twitter/samuelkraft/128.jpg
284,Carroll_Hickle64,https://s3.amazonaws.com/uifaces/faces/twitter/aka_james/128.jpg
285,Marguerite82,https://s3.amazonaws.com/uifaces/faces/twitter/manigm/128.jpg
286,Hunter_Stokes59,https://s3.amazonaws.com/uifaces/faces/twitter/curiousoffice/128.jpg
287,Maude21,https://s3.amazonaws.com/uifaces/faces/twitter/8d3k/128.jpg
288,Torrance.Block7,https://s3.amazonaws.com/uifaces/faces/twitter/stan/128.jpg
289,Sierra64,https://s3.amazonaws.com/uifaces/faces/twitter/superoutman/128.jpg
290,Dagmar_Hagenes62,https://s3.amazonaws.com/uifaces/faces/twitter/amayvs/128.jpg
291,Eda.Mueller,https://s3.amazonaws.com/uifaces/faces/twitter/y2graphic/128.jpg
292,Frida.Kulas,https://s3.amazonaws.com/uifaces/faces/twitter/balakayuriy/128.jpg
293,Peggie_Romaguera,https://s3.amazonaws.com/uifaces/faces/twitter/sulaqo/128.jpg
294,Toney_Schimmel,https://s3.amazonaws.com/uifaces/faces/twitter/jasonmarkjones/128.jpg
295,Barney_West31,https://s3.amazonaws.com/uifaces/faces/twitter/ganserene/128.jpg
296,Rosalyn_Bahringer72,https://s3.amazonaws.com/uifaces/faces/twitter/sgaurav_baghel/128.jpg
297,Kenneth35,https://s3.amazonaws.com/uifaces/faces/twitter/naupintos/128.jpg
298,Ansley.Okuneva,https://s3.amazonaws.com/uifaces/faces/twitter/balintorosz/128.jpg
299,Antonia_Roob91,https://s3.amazonaws.com/uifaces/faces/twitter/kevinoh/128.jpg
300,Izabella41,https://s3.amazonaws.com/uifaces/faces/twitter/ovall/128.jpg
301,Adolphus.Pfannerstill3,https://s3.amazonaws.com/uifaces/faces/twitter/uberschizo/128.jpg
302,Florian_Ziemann27,https://s3.amazonaws.com/uifaces/faces/twitter/christianoliff/128.jpg
303,Hershel_Bartoletti56,https://s3.amazonaws.com/uifaces/faces/twitter/joshmedeski/128.jpg
304,Javier.Koelpin,https://s3.amazonaws.com/uifaces/faces/twitter/funwatercat/128.jpg
305,Hassan69,https://s3.amazonaws.com/uifaces/faces/twitter/robinlayfield/128.jpg
306,Cristina.Kreiger72,https://s3.amazonaws.com/uifaces/faces/twitter/jonathansimmons/128.jpg
307,Korbin56,https://s3.amazonaws.com/uifaces/faces/twitter/superoutman/128.jpg
308,Ana.Ledner,https://s3.amazonaws.com/uifaces/faces/twitter/caspergrl/128.jpg
309,Tracy.Runolfsson,https://s3.amazonaws.com/uifaces/faces/twitter/AM_Kn2/128.jpg
310,Aditya_Hane68,https://s3.amazonaws.com/uifaces/faces/twitter/linux29/128.jpg
311,Ally.Mayer,https://s3.amazonaws.com/uifaces/faces/twitter/roybarberuk/128.jpg
312,Stella_Emmerich,https://s3.amazonaws.com/uifaces/faces/twitter/beweinreich/128.jpg
313,Jace.Kiehn68,https://s3.amazonaws.com/uifaces/faces/twitter/haruintesettden/128.jpg
314,Brycen.Jaskolski56,https://s3.amazonaws.com/uifaces/faces/twitter/xravil/128.jpg
315,Jolie.Klein7,https://s3.amazonaws.com/uifaces/faces/twitter/nickfratter/128.jpg
316,Matilda42,https://s3.amazonaws.com/uifaces/faces/twitter/bolzanmarco/128.jpg
317,Manley.Jenkins,https://s3.amazonaws.com/uifaces/faces/twitter/sgaurav_baghel/128.jpg
318,Torey28,https://s3.amazonaws.com/uifaces/faces/twitter/mashaaaaal/128.jpg
319,Jannie.Medhurst58,https://s3.amazonaws.com/uifaces/faces/twitter/GavicoInd/128.jpg
320,Dessie66,https://s3.amazonaws.com/uifaces/faces/twitter/ma_tiax/128.jpg
321,Joannie.Kulas45,https://s3.amazonaws.com/uifaces/faces/twitter/duivvv/128.jpg
322,Justine_Davis,https://s3.amazonaws.com/uifaces/faces/twitter/abotap/128.jpg
323,Theron_Anderson,https://s3.amazonaws.com/uifaces/faces/twitter/boxmodel/128.jpg
324,Jannie.Jakubowski,https://s3.amazonaws.com/uifaces/faces/twitter/mds/128.jpg
325,Elyssa_Nicolas93,https://s3.amazonaws.com/uifaces/faces/twitter/arkokoley/128.jpg
326,Dominic90,https://s3.amazonaws.com/uifaces/faces/twitter/afusinatto/128.jpg
327,Fabiola63,https://s3.amazonaws.com/uifaces/faces/twitter/deviljho_/128.jpg
328,Curtis_Labadie93,https://s3.amazonaws.com/uifaces/faces/twitter/pmeissner/128.jpg
329,Winnifred_Kuvalis8,https://s3.amazonaws.com/uifaces/faces/twitter/nehfy/128.jpg
330,William.Kerluke,https://s3.amazonaws.com/uifaces/faces/twitter/michzen/128.jpg
331,Amely_Crona46,https://s3.amazonaws.com/uifaces/faces/twitter/andrewofficer/128.jpg
332,Mathilde.Doyle,https://s3.amazonaws.com/uifaces/faces/twitter/wtrsld/128.jpg
333,Monica8,https://s3.amazonaws.com/uifaces/faces/twitter/aaroni/128.jpg
334,Rebecca.Heaney,https://s3.amazonaws.com/uifaces/faces/twitter/plasticine/128.jpg
335,Kameron.Doyle99,https://s3.amazonaws.com/uifaces/faces/twitter/vladimirdevic/128.jpg
336,Melba_Treutel46,https://s3.amazonaws.com/uifaces/faces/twitter/trueblood_33/128.jpg
337,Stewart37,https://s3.amazonaws.com/uifaces/faces/twitter/osmanince/128.jpg
338,Theresia.Windler,https://s3.amazonaws.com/uifaces/faces/twitter/carlosjgsousa/128.jpg
339,Jamal.Vandervort70,https://s3.amazonaws.com/uifaces/faces/twitter/nasirwd/128.jpg
340,Aric.Kemmer,https://s3.amazonaws.com/uifaces/faces/twitter/ddggccaa/128.jpg
341,Elmore_Bechtelar,https://s3.amazonaws.com/uifaces/faces/twitter/sasha_shestakov/128.jpg
342,Elliot76,https://s3.amazonaws.com/uifaces/faces/twitter/sta1ex/128.jpg
343,Lavon.Beier,https://s3.amazonaws.com/uifaces/faces/twitter/travishines/128.jpg
344,Kelsie61,https://s3.amazonaws.com/uifaces/faces/twitter/mylesb/128.jpg
345,Cole_Olson87,https://s3.amazonaws.com/uifaces/faces/twitter/sergeysafonov/128.jpg
346,Virginia29,https://s3.amazonaws.com/uifaces/faces/twitter/pierre_nel/128.jpg
347,Christ73,https://s3.amazonaws.com/uifaces/faces/twitter/d_nny_m_cher/128.jpg
348,Kylie65,https://s3.amazonaws.com/uifaces/faces/twitter/id835559/128.jpg
349,Gabriel1,https://s3.amazonaws.com/uifaces/faces/twitter/vovkasolovev/128.jpg
350,Dena_Feeney,https://s3.amazonaws.com/uifaces/faces/twitter/kvasnic/128.jpg
351,Lera_Barrows,https://s3.amazonaws.com/uifaces/faces/twitter/baumann_alex/128.jpg
352,Fletcher.Metz,https://s3.amazonaws.com/uifaces/faces/twitter/kolmarlopez/128.jpg
353,Jaron64,https://s3.amazonaws.com/uifaces/faces/twitter/imsoper/128.jpg
354,Charlotte_OHara17,https://s3.amazonaws.com/uifaces/faces/twitter/marclgonzales/128.jpg
355,Bella86,https://s3.amazonaws.com/uifaces/faces/twitter/operatino/128.jpg
356,Alia.Carter,https://s3.amazonaws.com/uifaces/faces/twitter/nellleo/128.jpg
357,Anastacio_Williamson,https://s3.amazonaws.com/uifaces/faces/twitter/johannesneu/128.jpg
358,Fabiola3,https://s3.amazonaws.com/uifaces/faces/twitter/tur8le/128.jpg
359,Aryanna_Hickle87,https://s3.amazonaws.com/uifaces/faces/twitter/apriendeau/128.jpg
360,Hermann_Crona,https://s3.amazonaws.com/uifaces/faces/twitter/fiterik/128.jpg
361,Jamaal53,https://s3.amazonaws.com/uifaces/faces/twitter/IsaryAmairani/128.jpg
362,Tavares_Bauch,https://s3.amazonaws.com/uifaces/faces/twitter/emmeffess/128.jpg
363,Zachery45,https://s3.amazonaws.com/uifaces/faces/twitter/danvierich/128.jpg
364,Yasmine74,https://s3.amazonaws.com/uifaces/faces/twitter/BryanHorsey/128.jpg
365,Betty.Baumbach14,https://s3.amazonaws.com/uifaces/faces/twitter/kennyadr/128.jpg
366,Tara94,https://s3.amazonaws.com/uifaces/faces/twitter/osvaldas/128.jpg
367,Sid.Spencer,https://s3.amazonaws.com/uifaces/faces/twitter/strikewan/128.jpg
368,Carolyn.Thiel3,https://s3.amazonaws.com/uifaces/faces/twitter/jcubic/128.jpg
369,Jonathon18,https://s3.amazonaws.com/uifaces/faces/twitter/yigitpinarbasi/128.jpg
370,Jennie_Will,https://s3.amazonaws.com/uifaces/faces/twitter/abovefunction/128.jpg
371,Reginald.Hegmann,https://s3.amazonaws.com/uifaces/faces/twitter/chacky14/128.jpg
372,Golda60,https://s3.amazonaws.com/uifaces/faces/twitter/samgrover/128.jpg
373,Lane44,https://s3.amazonaws.com/uifaces/faces/twitter/surgeonist/128.jpg
374,Landen95,https://s3.amazonaws.com/uifaces/faces/twitter/knilob/128.jpg
375,Dante_Pollich43,https://s3.amazonaws.com/uifaces/faces/twitter/mahdif/128.jpg
376,Alan84,https://s3.amazonaws.com/uifaces/faces/twitter/Silveredge9/128.jpg
377,Cloyd.Little,https://s3.amazonaws.com/uifaces/faces/twitter/jydesign/128.jpg
378,Aaliyah.Beer,https://s3.amazonaws.com/uifaces/faces/twitter/meelford/128.jpg
379,Horacio.Feest43,https://s3.amazonaws.com/uifaces/faces/twitter/n3dmax/128.jpg
380,Sabina_Johns,https://s3.amazonaws.com/uifaces/faces/twitter/gofrasdesign/128.jpg
381,Loraine7,https://s3.amazonaws.com/uifaces/faces/twitter/johannesneu/128.jpg
382,Chesley_Pollich,https://s3.amazonaws.com/uifaces/faces/twitter/lepetitogre/128.jpg
383,Darion.McGlynn,https://s3.amazonaws.com/uifaces/faces/twitter/embrcecreations/128.jpg
384,Bartholome97,https://s3.amazonaws.com/uifaces/faces/twitter/plasticine/128.jpg
385,Kathryn59,https://s3.amazonaws.com/uifaces/faces/twitter/samihah/128.jpg
386,Haven_Schaefer,https://s3.amazonaws.com/uifaces/faces/twitter/spbroma/128.jpg
387,Lucio.Schroeder30,https://s3.amazonaws.com/uifaces/faces/twitter/ssbb_me/128.jpg
388,Josefina72,https://s3.amazonaws.com/uifaces/faces/twitter/alxleroydeval/128.jpg
389,Sister_Paucek96,https://s3.amazonaws.com/uifaces/faces/twitter/rohixx/128.jpg
390,Arden.Hamill,https://s3.amazonaws.com/uifaces/faces/twitter/dgajjar/128.jpg
391,Zula.Kessler,https://s3.amazonaws.com/uifaces/faces/twitter/to_soham/128.jpg
392,Tiana69,https://s3.amazonaws.com/uifaces/faces/twitter/ganserene/128.jpg
393,Torrey.Veum99,https://s3.amazonaws.com/uifaces/faces/twitter/lmjabreu/128.jpg
394,Hilario_Powlowski,https://s3.amazonaws.com/uifaces/faces/twitter/nilshoenson/128.jpg
395,Lourdes64,https://s3.amazonaws.com/uifaces/faces/twitter/martinansty/128.jpg
396,Haylee_Zieme7,https://s3.amazonaws.com/uifaces/faces/twitter/santi_urso/128.jpg
397,Jane.Kerluke,https://s3.amazonaws.com/uifaces/faces/twitter/mattsapii/128.jpg
398,Charlie.Hansen79,https://s3.amazonaws.com/uifaces/faces/twitter/oaktreemedia/128.jpg
399,Melany.Reichert60,https://s3.amazonaws.com/uifaces/faces/twitter/snowwrite/128.jpg
400,Charley_Beier97,https://s3.amazonaws.com/uifaces/faces/twitter/luxe/128.jpg
401,Natasha.Satterfield32,https://s3.amazonaws.com/uifaces/faces/twitter/wintopia/128.jpg
402,Friedrich_Connelly,https://s3.amazonaws.com/uifaces/faces/twitter/mdsisto/128.jpg
403,Neil50,https://s3.amazonaws.com/uifaces/faces/twitter/fotomagin/128.jpg
404,Crawford_Bode24,https://s3.amazonaws.com/uifaces/faces/twitter/leeiio/128.jpg
405,Enrique.Hoeger22,https://s3.amazonaws.com/uifaces/faces/twitter/sergeysafonov/128.jpg
406,Ayla_Hickle29,https://s3.amazonaws.com/uifaces/faces/twitter/sergeyalmone/128.jpg
407,Arnoldo94,https://s3.amazonaws.com/uifaces/faces/twitter/bistrianiosip/128.jpg
408,Juana75,https://s3.amazonaws.com/uifaces/faces/twitter/bartoszdawydzik/128.jpg
409,Oma_White42,https://s3.amazonaws.com/uifaces/faces/twitter/joshuasortino/128.jpg
410,Travon.Pacocha,https://s3.amazonaws.com/uifaces/faces/twitter/ludwiczakpawel/128.jpg
411,Lela.Conn82,https://s3.amazonaws.com/uifaces/faces/twitter/jmfsocial/128.jpg
412,Viola46,https://s3.amazonaws.com/uifaces/faces/twitter/charlesrpratt/128.jpg
413,Ronny_Kuphal87,https://s3.amazonaws.com/uifaces/faces/twitter/eyronn/128.jpg
414,Francesco.Bartell,https://s3.amazonaws.com/uifaces/faces/twitter/mr_shiznit/128.jpg
415,Zora34,https://s3.amazonaws.com/uifaces/faces/twitter/raquelwilson/128.jpg
416,Estell88,https://s3.amazonaws.com/uifaces/faces/twitter/ffbel/128.jpg
417,Princess.Goodwin,https://s3.amazonaws.com/uifaces/faces/twitter/jerrybai1907/128.jpg
418,Declan_Mills,https://s3.amazonaws.com/uifaces/faces/twitter/ahmadajmi/128.jpg
419,Lamont_Ziemann89,https://s3.amazonaws.com/uifaces/faces/twitter/kevinoh/128.jpg
420,Lisa_Bartell41,https://s3.amazonaws.com/uifaces/faces/twitter/rawdiggie/128.jpg
421,Juliana15,https://s3.amazonaws.com/uifaces/faces/twitter/allfordesign/128.jpg
422,Talon.Marvin53,https://s3.amazonaws.com/uifaces/faces/twitter/amanruzaini/128.jpg
423,Stephen.Gerhold,https://s3.amazonaws.com/uifaces/faces/twitter/joshmedeski/128.jpg
424,Alfreda.Nikolaus12,https://s3.amazonaws.com/uifaces/faces/twitter/ariffsetiawan/128.jpg
425,Luis47,https://s3.amazonaws.com/uifaces/faces/twitter/vickyshits/128.jpg
426,Dimitri70,https://s3.amazonaws.com/uifaces/faces/twitter/mds/128.jpg
427,Andre.Volkman,https://s3.amazonaws.com/uifaces/faces/twitter/kevinjohndayy/128.jpg
428,Lloyd.Rice41,https://s3.amazonaws.com/uifaces/faces/twitter/charlesrpratt/128.jpg
429,Madalyn.Auer68,https://s3.amazonaws.com/uifaces/faces/twitter/digitalmaverick/128.jpg
430,Esperanza.Reilly,https://s3.amazonaws.com/uifaces/faces/twitter/batsirai/128.jpg
431,Kenyatta15,https://s3.amazonaws.com/uifaces/faces/twitter/malgordon/128.jpg
432,Nico28,https://s3.amazonaws.com/uifaces/faces/twitter/ismail_biltagi/128.jpg
433,Daphney.Murray24,https://s3.amazonaws.com/uifaces/faces/twitter/arpitnj/128.jpg
434,Francesca25,https://s3.amazonaws.com/uifaces/faces/twitter/fotomagin/128.jpg
435,Alize_Gusikowski97,https://s3.amazonaws.com/uifaces/faces/twitter/yayteejay/128.jpg
436,Nannie38,https://s3.amazonaws.com/uifaces/faces/twitter/maikelk/128.jpg
437,Sylvester.Turcotte,https://s3.amazonaws.com/uifaces/faces/twitter/emsgulam/128.jpg
438,Orie.Hammes,https://s3.amazonaws.com/uifaces/faces/twitter/nwdsha/128.jpg
439,Cooper_Sipes,https://s3.amazonaws.com/uifaces/faces/twitter/karlkanall/128.jpg
440,Raheem.Labadie12,https://s3.amazonaws.com/uifaces/faces/twitter/victorerixon/128.jpg
441,Brannon40,https://s3.amazonaws.com/uifaces/faces/twitter/hai_ninh_nguyen/128.jpg
442,Sibyl66,https://s3.amazonaws.com/uifaces/faces/twitter/n_tassone/128.jpg
443,Ola_Bartell,https://s3.amazonaws.com/uifaces/faces/twitter/mhudobivnik/128.jpg
444,Fanny_Turcotte,https://s3.amazonaws.com/uifaces/faces/twitter/fronx/128.jpg
445,Russell_Marvin,https://s3.amazonaws.com/uifaces/faces/twitter/soyjavi/128.jpg
446,Toy_Ziemann,https://s3.amazonaws.com/uifaces/faces/twitter/jmfsocial/128.jpg
447,Salvador55,https://s3.amazonaws.com/uifaces/faces/twitter/maz/128.jpg
448,Charlene.Beier61,https://s3.amazonaws.com/uifaces/faces/twitter/aiiaiiaii/128.jpg
449,Jeffrey29,https://s3.amazonaws.com/uifaces/faces/twitter/mocabyte/128.jpg
450,Jordyn81,https://s3.amazonaws.com/uifaces/faces/twitter/SULiik/128.jpg
451,Elfrieda_Reichel,https://s3.amazonaws.com/uifaces/faces/twitter/thaodang17/128.jpg
452,Nestor.Nienow,https://s3.amazonaws.com/uifaces/faces/twitter/joki4/128.jpg
453,Rosamond74,https://s3.amazonaws.com/uifaces/faces/twitter/pifagor/128.jpg
454,Teresa_Toy,https://s3.amazonaws.com/uifaces/faces/twitter/felipeapiress/128.jpg
455,Camille61,https://s3.amazonaws.com/uifaces/faces/twitter/abdots/128.jpg
456,Irma.Marvin,https://s3.amazonaws.com/uifaces/faces/twitter/jffgrdnr/128.jpg
457,Rodrick_Krajcik61,https://s3.amazonaws.com/uifaces/faces/twitter/vikasvinfotech/128.jpg
458,Myrtice_Auer,https://s3.amazonaws.com/uifaces/faces/twitter/switmer777/128.jpg
459,Trevor76,https://s3.amazonaws.com/uifaces/faces/twitter/doronmalki/128.jpg
460,Waldo32,https://s3.amazonaws.com/uifaces/faces/twitter/vicivadeline/128.jpg
461,Ewell14,https://s3.amazonaws.com/uifaces/faces/twitter/mymyboy/128.jpg
462,Summer.Bosco,https://s3.amazonaws.com/uifaces/faces/twitter/maiklam/128.jpg
463,Britney.Aufderhar32,https://s3.amazonaws.com/uifaces/faces/twitter/klefue/128.jpg
464,Vena_Morissette21,https://s3.amazonaws.com/uifaces/faces/twitter/opnsrce/128.jpg
465,Syble.Haley79,https://s3.amazonaws.com/uifaces/faces/twitter/foczzi/128.jpg
466,Kelvin.Lind,https://s3.amazonaws.com/uifaces/faces/twitter/sharvin/128.jpg
467,Carey6,https://s3.amazonaws.com/uifaces/faces/twitter/krasnoukhov/128.jpg
468,Robin10,https://s3.amazonaws.com/uifaces/faces/twitter/findingjenny/128.jpg
469,Ardith.Klein13,https://s3.amazonaws.com/uifaces/faces/twitter/antongenkin/128.jpg
470,Amari27,https://s3.amazonaws.com/uifaces/faces/twitter/heyimjuani/128.jpg
471,Noemie_Simonis,https://s3.amazonaws.com/uifaces/faces/twitter/n1ght_coder/128.jpg
472,Adelbert93,https://s3.amazonaws.com/uifaces/faces/twitter/dev_essentials/128.jpg
473,Paris_Friesen,https://s3.amazonaws.com/uifaces/faces/twitter/ceekaytweet/128.jpg
474,Camron.Walter,https://s3.amazonaws.com/uifaces/faces/twitter/vigobronx/128.jpg
475,Jeff.Lueilwitz45,https://s3.amazonaws.com/uifaces/faces/twitter/karalek/128.jpg
476,Rosalyn8,https://s3.amazonaws.com/uifaces/faces/twitter/prheemo/128.jpg
477,Lois.Bins,https://s3.amazonaws.com/uifaces/faces/twitter/mandalareopens/128.jpg
478,Vena.Weimann75,https://s3.amazonaws.com/uifaces/faces/twitter/davecraige/128.jpg
479,Jasper25,https://s3.amazonaws.com/uifaces/faces/twitter/darylws/128.jpg
480,Ewell73,https://s3.amazonaws.com/uifaces/faces/twitter/terrorpixel/128.jpg
481,Dax81,https://s3.amazonaws.com/uifaces/faces/twitter/we_social/128.jpg
482,Emmett_Windler65,https://s3.amazonaws.com/uifaces/faces/twitter/0therplanet/128.jpg
483,Ashley79,https://s3.amazonaws.com/uifaces/faces/twitter/joannefournier/128.jpg
484,Kennith_Douglas,https://s3.amazonaws.com/uifaces/faces/twitter/el_fuertisimo/128.jpg
485,Fredy29,https://s3.amazonaws.com/uifaces/faces/twitter/stefanozoffoli/128.jpg
486,Hassie_Nicolas,https://s3.amazonaws.com/uifaces/faces/twitter/surgeonist/128.jpg
487,Lowell.Jaskolski,https://s3.amazonaws.com/uifaces/faces/twitter/vonachoo/128.jpg
488,Eda.Kiehn25,https://s3.amazonaws.com/uifaces/faces/twitter/justinrhee/128.jpg
489,Gussie_Will58,https://s3.amazonaws.com/uifaces/faces/twitter/darylws/128.jpg
490,Emmy_Deckow,https://s3.amazonaws.com/uifaces/faces/twitter/heycamtaylor/128.jpg
491,Hattie_Upton,https://s3.amazonaws.com/uifaces/faces/twitter/_ragzor/128.jpg
492,Daphne64,https://s3.amazonaws.com/uifaces/faces/twitter/jarsen/128.jpg
493,Electa7,https://s3.amazonaws.com/uifaces/faces/twitter/stefanozoffoli/128.jpg
494,Ferne_Emmerich,https://s3.amazonaws.com/uifaces/faces/twitter/rtgibbons/128.jpg
495,Kaelyn_Reynolds,https://s3.amazonaws.com/uifaces/faces/twitter/ooomz/128.jpg
496,Clay35,https://s3.amazonaws.com/uifaces/faces/twitter/janpalounek/128.jpg
497,Hannah51,https://s3.amazonaws.com/uifaces/faces/twitter/nathalie_fs/128.jpg
498,Janis81,https://s3.amazonaws.com/uifaces/faces/twitter/elenadissi/128.jpg
499,Stella_Torp,https://s3.amazonaws.com/uifaces/faces/twitter/supervova/128.jpg
500,Kiara.Swift,https://s3.amazonaws.com/uifaces/faces/twitter/davidbaldie/128.jpg
501,Delia_Collier,https://s3.amazonaws.com/uifaces/faces/twitter/michaelcomiskey/128.jpg
502,Reed41,https://s3.amazonaws.com/uifaces/faces/twitter/serefka/128.jpg
503,Alia45,https://s3.amazonaws.com/uifaces/faces/twitter/guiiipontes/128.jpg
504,Zita.Sanford,https://s3.amazonaws.com/uifaces/faces/twitter/ruehldesign/128.jpg
505,Roel_Beier7,https://s3.amazonaws.com/uifaces/faces/twitter/uxpiper/128.jpg
506,Elena_Beatty38,https://s3.amazonaws.com/uifaces/faces/twitter/alexandermayes/128.jpg
507,Sandrine_Kilback92,https://s3.amazonaws.com/uifaces/faces/twitter/victorquinn/128.jpg
508,Miracle.Herman,https://s3.amazonaws.com/uifaces/faces/twitter/vikashpathak18/128.jpg
509,Emerald_Reichel22,https://s3.amazonaws.com/uifaces/faces/twitter/namankreative/128.jpg
510,Eldora46,https://s3.amazonaws.com/uifaces/faces/twitter/ahmetsulek/128.jpg
511,Alfreda_Pfeffer76,https://s3.amazonaws.com/uifaces/faces/twitter/BillSKenney/128.jpg
512,Marianne.Rogahn,https://s3.amazonaws.com/uifaces/faces/twitter/dgclegg/128.jpg
513,Cayla_Sanford,https://s3.amazonaws.com/uifaces/faces/twitter/iamglimy/128.jpg
514,Twila_Brakus55,https://s3.amazonaws.com/uifaces/faces/twitter/yehudab/128.jpg
515,Micaela73,https://s3.amazonaws.com/uifaces/faces/twitter/enda/128.jpg
516,Stephen49,https://s3.amazonaws.com/uifaces/faces/twitter/adrienths/128.jpg
517,Caitlyn.Oberbrunner,https://s3.amazonaws.com/uifaces/faces/twitter/xilantra/128.jpg
518,Milan_Howell4,https://s3.amazonaws.com/uifaces/faces/twitter/krystalfister/128.jpg
519,Donavon23,https://s3.amazonaws.com/uifaces/faces/twitter/robbschiller/128.jpg
520,Jennyfer.Monahan36,https://s3.amazonaws.com/uifaces/faces/twitter/netonet_il/128.jpg
521,Zita.Koss,https://s3.amazonaws.com/uifaces/faces/twitter/suribbles/128.jpg
522,Maria88,https://s3.amazonaws.com/uifaces/faces/twitter/antonyzotov/128.jpg
523,Beaulah.Bailey40,https://s3.amazonaws.com/uifaces/faces/twitter/scips/128.jpg
524,Diego_Robel80,https://s3.amazonaws.com/uifaces/faces/twitter/timothycd/128.jpg
525,Samir_Hamill,https://s3.amazonaws.com/uifaces/faces/twitter/croakx/128.jpg
526,Moriah_Koss95,https://s3.amazonaws.com/uifaces/faces/twitter/kylefoundry/128.jpg
527,Ethyl_Hermiston20,https://s3.amazonaws.com/uifaces/faces/twitter/ruzinav/128.jpg
528,Kelly_Bednar4,https://s3.amazonaws.com/uifaces/faces/twitter/kinday/128.jpg
529,Clarabelle97,https://s3.amazonaws.com/uifaces/faces/twitter/ernestsemerda/128.jpg
530,Vita43,https://s3.amazonaws.com/uifaces/faces/twitter/tgormtx/128.jpg
531,Vern.Ernser83,https://s3.amazonaws.com/uifaces/faces/twitter/embrcecreations/128.jpg
532,Abigail57,https://s3.amazonaws.com/uifaces/faces/twitter/ahmadajmi/128.jpg
533,Domenica.Dach41,https://s3.amazonaws.com/uifaces/faces/twitter/terryxlife/128.jpg
534,Dedric_Bartoletti30,https://s3.amazonaws.com/uifaces/faces/twitter/hanna_smi/128.jpg
535,Price.Cruickshank95,https://s3.amazonaws.com/uifaces/faces/twitter/patrickcoombe/128.jpg
536,Maurice.Windler,https://s3.amazonaws.com/uifaces/faces/twitter/laasli/128.jpg
537,Royal.Kozey61,https://s3.amazonaws.com/uifaces/faces/twitter/meln1ks/128.jpg
538,Sedrick_Herzog64,https://s3.amazonaws.com/uifaces/faces/twitter/emmandenn/128.jpg
539,Lawson_Lind,https://s3.amazonaws.com/uifaces/faces/twitter/smenov/128.jpg
540,Jaylan23,https://s3.amazonaws.com/uifaces/faces/twitter/vlajki/128.jpg
541,Rafael43,https://s3.amazonaws.com/uifaces/faces/twitter/bartjo/128.jpg
542,Antone_Welch62,https://s3.amazonaws.com/uifaces/faces/twitter/jehnglynn/128.jpg
543,Marcellus.Breitenberg,https://s3.amazonaws.com/uifaces/faces/twitter/kushsolitary/128.jpg
544,Henri42,https://s3.amazonaws.com/uifaces/faces/twitter/rdbannon/128.jpg
545,Will27,https://s3.amazonaws.com/uifaces/faces/twitter/katiemdaly/128.jpg
546,Weston_Osinski,https://s3.amazonaws.com/uifaces/faces/twitter/perfectflow/128.jpg
547,Layla.Kozey53,https://s3.amazonaws.com/uifaces/faces/twitter/joshhemsley/128.jpg
548,Terrence.Klein94,https://s3.amazonaws.com/uifaces/faces/twitter/naupintos/128.jpg
549,Benedict.Marks,https://s3.amazonaws.com/uifaces/faces/twitter/arishi_/128.jpg
550,Enos_Maggio,https://s3.amazonaws.com/uifaces/faces/twitter/derienzo777/128.jpg
551,Cali47,https://s3.amazonaws.com/uifaces/faces/twitter/benefritz/128.jpg
552,Brenna74,https://s3.amazonaws.com/uifaces/faces/twitter/vocino/128.jpg
553,Fay31,https://s3.amazonaws.com/uifaces/faces/twitter/derekcramer/128.jpg
554,Ezekiel_Wiza83,https://s3.amazonaws.com/uifaces/faces/twitter/aka_james/128.jpg
555,Greg.Mosciski,https://s3.amazonaws.com/uifaces/faces/twitter/itskawsar/128.jpg
556,Dan4,https://s3.amazonaws.com/uifaces/faces/twitter/jefffis/128.jpg
557,Clinton99,https://s3.amazonaws.com/uifaces/faces/twitter/matthewkay_/128.jpg
558,Eulah_Hirthe60,https://s3.amazonaws.com/uifaces/faces/twitter/mizhgan/128.jpg
559,Willy_Gorczany57,https://s3.amazonaws.com/uifaces/faces/twitter/mbilalsiddique1/128.jpg
560,Esteban.Rath,https://s3.amazonaws.com/uifaces/faces/twitter/damenleeturks/128.jpg
561,Torrance65,https://s3.amazonaws.com/uifaces/faces/twitter/trubeatto/128.jpg
562,Montana_Langosh,https://s3.amazonaws.com/uifaces/faces/twitter/bertboerland/128.jpg
563,Brooke.Lind27,https://s3.amazonaws.com/uifaces/faces/twitter/marciotoledo/128.jpg
564,Johanna.Schumm23,https://s3.amazonaws.com/uifaces/faces/twitter/slowspock/128.jpg
565,Rhianna93,https://s3.amazonaws.com/uifaces/faces/twitter/tgormtx/128.jpg
566,Harmon_Brown,https://s3.amazonaws.com/uifaces/faces/twitter/fluidbrush/128.jpg
567,Cynthia64,https://s3.amazonaws.com/uifaces/faces/twitter/bermonpainter/128.jpg
568,Davion_Shanahan,https://s3.amazonaws.com/uifaces/faces/twitter/jedbridges/128.jpg
569,Jake.Quigley,https://s3.amazonaws.com/uifaces/faces/twitter/aoimedia/128.jpg
570,Sabrina_Herman73,https://s3.amazonaws.com/uifaces/faces/twitter/mrjamesnoble/128.jpg
571,Gay59,https://s3.amazonaws.com/uifaces/faces/twitter/ruzinav/128.jpg
572,Bart_Lang,https://s3.amazonaws.com/uifaces/faces/twitter/rahmeen/128.jpg
573,Shanon.McCullough,https://s3.amazonaws.com/uifaces/faces/twitter/angelceballos/128.jpg
574,Wilson35,https://s3.amazonaws.com/uifaces/faces/twitter/notbadart/128.jpg
575,Mason.Sanford,https://s3.amazonaws.com/uifaces/faces/twitter/richardgarretts/128.jpg
576,Parker.Bogan70,https://s3.amazonaws.com/uifaces/faces/twitter/dannol/128.jpg
577,Quinton13,https://s3.amazonaws.com/uifaces/faces/twitter/psaikali/128.jpg
578,Jeff25,https://s3.amazonaws.com/uifaces/faces/twitter/jay_wilburn/128.jpg
579,Joesph14,https://s3.amazonaws.com/uifaces/faces/twitter/uxalex/128.jpg
580,Myles_Krajcik83,https://s3.amazonaws.com/uifaces/faces/twitter/motionthinks/128.jpg
581,Karine8,https://s3.amazonaws.com/uifaces/faces/twitter/necodymiconer/128.jpg
582,Laurianne.Emmerich,https://s3.amazonaws.com/uifaces/faces/twitter/michaelkoper/128.jpg
583,Brady_Lesch88,https://s3.amazonaws.com/uifaces/faces/twitter/envex/128.jpg
584,Adam.Grady79,https://s3.amazonaws.com/uifaces/faces/twitter/sawalazar/128.jpg
585,Sonia_Keebler22,https://s3.amazonaws.com/uifaces/faces/twitter/amandabuzard/128.jpg
586,Ernie.Kozey,https://s3.amazonaws.com/uifaces/faces/twitter/moynihan/128.jpg
587,Reggie16,https://s3.amazonaws.com/uifaces/faces/twitter/xiel/128.jpg
588,Hollis.Maggio,https://s3.amazonaws.com/uifaces/faces/twitter/sgaurav_baghel/128.jpg
589,Floyd_Boyer71,https://s3.amazonaws.com/uifaces/faces/twitter/heycamtaylor/128.jpg
590,Kiera_Bergnaum43,https://s3.amazonaws.com/uifaces/faces/twitter/maz/128.jpg
591,Heidi57,https://s3.amazonaws.com/uifaces/faces/twitter/gipsy_raf/128.jpg
592,Terrell_Sipes,https://s3.amazonaws.com/uifaces/faces/twitter/carlfairclough/128.jpg
593,Johnnie.Olson,https://s3.amazonaws.com/uifaces/faces/twitter/hoangloi/128.jpg
594,Danial_Senger,https://s3.amazonaws.com/uifaces/faces/twitter/stefanotirloni/128.jpg
595,Cary52,https://s3.amazonaws.com/uifaces/faces/twitter/jasonmarkjones/128.jpg
596,Sasha_Flatley,https://s3.amazonaws.com/uifaces/faces/twitter/dzantievm/128.jpg
597,Cathryn.Breitenberg4,https://s3.amazonaws.com/uifaces/faces/twitter/aaronkwhite/128.jpg
598,Faustino41,https://s3.amazonaws.com/uifaces/faces/twitter/turkutuuli/128.jpg
599,Dahlia48,https://s3.amazonaws.com/uifaces/faces/twitter/kianoshp/128.jpg
600,Maria.Marks,https://s3.amazonaws.com/uifaces/faces/twitter/jffgrdnr/128.jpg
601,Arnaldo.Morar,https://s3.amazonaws.com/uifaces/faces/twitter/blakehawksworth/128.jpg
602,Emiliano81,https://s3.amazonaws.com/uifaces/faces/twitter/nicolasfolliot/128.jpg
603,Floyd90,https://s3.amazonaws.com/uifaces/faces/twitter/uxward/128.jpg
604,Mohamed37,https://s3.amazonaws.com/uifaces/faces/twitter/thaisselenator_/128.jpg
605,Nathen_Wiza18,https://s3.amazonaws.com/uifaces/faces/twitter/naupintos/128.jpg
606,Clair.Heathcote,https://s3.amazonaws.com/uifaces/faces/twitter/dimaposnyy/128.jpg
607,Deonte13,https://s3.amazonaws.com/uifaces/faces/twitter/josecarlospsh/128.jpg
608,Jasen_Langworth33,https://s3.amazonaws.com/uifaces/faces/twitter/baumann_alex/128.jpg
609,Darrion_Leuschke,https://s3.amazonaws.com/uifaces/faces/twitter/jpscribbles/128.jpg
610,Vallie_Streich,https://s3.amazonaws.com/uifaces/faces/twitter/m_kalibry/128.jpg
611,Marques90,https://s3.amazonaws.com/uifaces/faces/twitter/sta1ex/128.jpg
612,Alphonso.Keebler,https://s3.amazonaws.com/uifaces/faces/twitter/9lessons/128.jpg
613,Fanny_Runolfsdottir47,https://s3.amazonaws.com/uifaces/faces/twitter/rahmeen/128.jpg
614,Ressie.Boyle,https://s3.amazonaws.com/uifaces/faces/twitter/iamkarna/128.jpg
615,Destin_Wunsch76,https://s3.amazonaws.com/uifaces/faces/twitter/andysolomon/128.jpg
616,Geo.Crona35,https://s3.amazonaws.com/uifaces/faces/twitter/hoangloi/128.jpg
617,Abe.Wiegand,https://s3.amazonaws.com/uifaces/faces/twitter/josemarques/128.jpg
618,Rachel56,https://s3.amazonaws.com/uifaces/faces/twitter/krystalfister/128.jpg
619,Fay11,https://s3.amazonaws.com/uifaces/faces/twitter/ffbel/128.jpg
620,Brisa_Haag62,https://s3.amazonaws.com/uifaces/faces/twitter/vikashpathak18/128.jpg
621,Carter.Schaefer,https://s3.amazonaws.com/uifaces/faces/twitter/nastya_mane/128.jpg
622,Herta_Barrows63,https://s3.amazonaws.com/uifaces/faces/twitter/nsamoylov/128.jpg
623,Jolie42,https://s3.amazonaws.com/uifaces/faces/twitter/abovefunction/128.jpg
624,Evan27,https://s3.amazonaws.com/uifaces/faces/twitter/digitalmaverick/128.jpg
625,Estefania.Tromp8,https://s3.amazonaws.com/uifaces/faces/twitter/marclgonzales/128.jpg
626,Norene_Lueilwitz52,https://s3.amazonaws.com/uifaces/faces/twitter/wiljanslofstra/128.jpg
627,Rickie.Erdman,https://s3.amazonaws.com/uifaces/faces/twitter/joreira/128.jpg
628,Sammie91,https://s3.amazonaws.com/uifaces/faces/twitter/dorphern/128.jpg
629,Genoveva_Harvey62,https://s3.amazonaws.com/uifaces/faces/twitter/ovall/128.jpg
630,Piper_Koss97,https://s3.amazonaws.com/uifaces/faces/twitter/erwanhesry/128.jpg
631,Esperanza72,https://s3.amazonaws.com/uifaces/faces/twitter/pyronite/128.jpg
632,Alvera2,https://s3.amazonaws.com/uifaces/faces/twitter/oscarowusu/128.jpg
633,Leonel.Abbott23,https://s3.amazonaws.com/uifaces/faces/twitter/renbyrd/128.jpg
634,Bertrand.Beier,https://s3.amazonaws.com/uifaces/faces/twitter/xilantra/128.jpg
635,Isaiah57,https://s3.amazonaws.com/uifaces/faces/twitter/dutchnadia/128.jpg
636,Leta_Hahn,https://s3.amazonaws.com/uifaces/faces/twitter/andytlaw/128.jpg
637,Dana1,https://s3.amazonaws.com/uifaces/faces/twitter/thimo_cz/128.jpg
638,Carolanne.Schuppe,https://s3.amazonaws.com/uifaces/faces/twitter/tur8le/128.jpg
639,Hobart.Von,https://s3.amazonaws.com/uifaces/faces/twitter/ricburton/128.jpg
640,Rupert.Waters,https://s3.amazonaws.com/uifaces/faces/twitter/wiljanslofstra/128.jpg
641,Armando_Leffler63,https://s3.amazonaws.com/uifaces/faces/twitter/manigm/128.jpg
642,Jennie_Bernhard,https://s3.amazonaws.com/uifaces/faces/twitter/Elt_n/128.jpg
643,Erling71,https://s3.amazonaws.com/uifaces/faces/twitter/jefffis/128.jpg
644,Okey82,https://s3.amazonaws.com/uifaces/faces/twitter/surgeonist/128.jpg
645,Aron.Muller,https://s3.amazonaws.com/uifaces/faces/twitter/teylorfeliz/128.jpg
646,Patsy42,https://s3.amazonaws.com/uifaces/faces/twitter/r_garcia/128.jpg
647,Jedidiah36,https://s3.amazonaws.com/uifaces/faces/twitter/mastermindesign/128.jpg
648,Jessika.Collins76,https://s3.amazonaws.com/uifaces/faces/twitter/marrimo/128.jpg
649,Willard58,https://s3.amazonaws.com/uifaces/faces/twitter/albertaugustin/128.jpg
650,Pansy_Hodkiewicz70,https://s3.amazonaws.com/uifaces/faces/twitter/geran7/128.jpg
651,Maryam44,https://s3.amazonaws.com/uifaces/faces/twitter/kaelifa/128.jpg
652,Lillian57,https://s3.amazonaws.com/uifaces/faces/twitter/saschamt/128.jpg
653,Florence58,https://s3.amazonaws.com/uifaces/faces/twitter/chris_frees/128.jpg
654,Alyce.Considine,https://s3.amazonaws.com/uifaces/faces/twitter/derekcramer/128.jpg
655,Lysanne56,https://s3.amazonaws.com/uifaces/faces/twitter/simobenso/128.jpg
656,Sigmund38,https://s3.amazonaws.com/uifaces/faces/twitter/jeremiaha/128.jpg
657,Maximus.Carter12,https://s3.amazonaws.com/uifaces/faces/twitter/quailandquasar/128.jpg
658,Cyril_Muller,https://s3.amazonaws.com/uifaces/faces/twitter/kkusaa/128.jpg
659,Sean75,https://s3.amazonaws.com/uifaces/faces/twitter/HenryHoffman/128.jpg
660,Lucius81,https://s3.amazonaws.com/uifaces/faces/twitter/benjamin_knight/128.jpg
661,Victoria_Gerlach4,https://s3.amazonaws.com/uifaces/faces/twitter/bryan_topham/128.jpg
662,Greg_Pacocha11,https://s3.amazonaws.com/uifaces/faces/twitter/aio___/128.jpg
663,Alanna_Flatley,https://s3.amazonaws.com/uifaces/faces/twitter/kevinoh/128.jpg
664,Jazmyne.Konopelski,https://s3.amazonaws.com/uifaces/faces/twitter/liminha/128.jpg
665,Creola_Gorczany96,https://s3.amazonaws.com/uifaces/faces/twitter/tomaslau/128.jpg
666,Bethany_Mante,https://s3.amazonaws.com/uifaces/faces/twitter/juamperro/128.jpg
667,Theodore64,https://s3.amazonaws.com/uifaces/faces/twitter/danpliego/128.jpg
668,Zoey33,https://s3.amazonaws.com/uifaces/faces/twitter/dhoot_amit/128.jpg
669,Aurore9,https://s3.amazonaws.com/uifaces/faces/twitter/layerssss/128.jpg
670,Cicero_Bartoletti6,https://s3.amazonaws.com/uifaces/faces/twitter/vonachoo/128.jpg
671,Krystina_Prohaska69,https://s3.amazonaws.com/uifaces/faces/twitter/alek_djuric/128.jpg
672,Waino.Haag82,https://s3.amazonaws.com/uifaces/faces/twitter/shalt0ni/128.jpg
673,Jovan_Stracke14,https://s3.amazonaws.com/uifaces/faces/twitter/gregsqueeb/128.jpg
674,Marianna92,https://s3.amazonaws.com/uifaces/faces/twitter/tumski/128.jpg
675,Theo.Gulgowski,https://s3.amazonaws.com/uifaces/faces/twitter/embrcecreations/128.jpg
676,Eddie35,https://s3.amazonaws.com/uifaces/faces/twitter/laurengray/128.jpg
677,Leonie87,https://s3.amazonaws.com/uifaces/faces/twitter/cdavis565/128.jpg
678,Lucy62,https://s3.amazonaws.com/uifaces/faces/twitter/desastrozo/128.jpg
679,Kendra4,https://s3.amazonaws.com/uifaces/faces/twitter/ipavelek/128.jpg
680,Rae_Schmitt,https://s3.amazonaws.com/uifaces/faces/twitter/victorstuber/128.jpg
681,Concepcion_Cormier72,https://s3.amazonaws.com/uifaces/faces/twitter/aaronalfred/128.jpg
682,Sincere_Hickle,https://s3.amazonaws.com/uifaces/faces/twitter/laurengray/128.jpg
683,Paul_Berge60,https://s3.amazonaws.com/uifaces/faces/twitter/VinThomas/128.jpg
684,Marcelo_Homenick,https://s3.amazonaws.com/uifaces/faces/twitter/wim1k/128.jpg
685,Brant21,https://s3.amazonaws.com/uifaces/faces/twitter/bryan_topham/128.jpg
686,Buddy.Greenfelder78,https://s3.amazonaws.com/uifaces/faces/twitter/hota_v/128.jpg
687,Carol_Durgan47,https://s3.amazonaws.com/uifaces/faces/twitter/namankreative/128.jpg
688,Loma_Strosin4,https://s3.amazonaws.com/uifaces/faces/twitter/nelsonjoyce/128.jpg
689,Demond_Schimmel,https://s3.amazonaws.com/uifaces/faces/twitter/wiljanslofstra/128.jpg
690,Lonny_Moen3,https://s3.amazonaws.com/uifaces/faces/twitter/scottfeltham/128.jpg
691,Domingo39,https://s3.amazonaws.com/uifaces/faces/twitter/AlbertoCococi/128.jpg
692,Avis.Ledner,https://s3.amazonaws.com/uifaces/faces/twitter/akashsharma39/128.jpg
693,David.Runolfsson54,https://s3.amazonaws.com/uifaces/faces/twitter/beshur/128.jpg
694,Josephine_Ankunding41,https://s3.amazonaws.com/uifaces/faces/twitter/ssbb_me/128.jpg
695,Beatrice.Johnston55,https://s3.amazonaws.com/uifaces/faces/twitter/poormini/128.jpg
696,Aryanna.Cole43,https://s3.amazonaws.com/uifaces/faces/twitter/sachingawas/128.jpg
697,Dennis_White,https://s3.amazonaws.com/uifaces/faces/twitter/afusinatto/128.jpg
698,Breana.Jenkins,https://s3.amazonaws.com/uifaces/faces/twitter/mizko/128.jpg
699,Reymundo85,https://s3.amazonaws.com/uifaces/faces/twitter/itsajimithing/128.jpg
700,Breana93,https://s3.amazonaws.com/uifaces/faces/twitter/mcflydesign/128.jpg
701,Aimee_Pollich,https://s3.amazonaws.com/uifaces/faces/twitter/nandini_m/128.jpg
702,Carey_Schinner23,https://s3.amazonaws.com/uifaces/faces/twitter/edgarchris99/128.jpg
703,Lilian.Hills,https://s3.amazonaws.com/uifaces/faces/twitter/_dwite_/128.jpg
704,Cora.Luettgen,https://s3.amazonaws.com/uifaces/faces/twitter/algunsanabria/128.jpg
705,Ignatius84,https://s3.amazonaws.com/uifaces/faces/twitter/michaelcomiskey/128.jpg
706,Cecilia.Kris,https://s3.amazonaws.com/uifaces/faces/twitter/larrygerard/128.jpg
707,Nathanael34,https://s3.amazonaws.com/uifaces/faces/twitter/snowwrite/128.jpg
708,Taylor33,https://s3.amazonaws.com/uifaces/faces/twitter/j2deme/128.jpg
709,Sanford_Trantow,https://s3.amazonaws.com/uifaces/faces/twitter/luxe/128.jpg
710,Virgie.Schinner,https://s3.amazonaws.com/uifaces/faces/twitter/craighenneberry/128.jpg
711,Athena42,https://s3.amazonaws.com/uifaces/faces/twitter/alessandroribe/128.jpg
712,Enos.Schmitt,https://s3.amazonaws.com/uifaces/faces/twitter/mtolokonnikov/128.jpg
713,Velva_Dicki,https://s3.amazonaws.com/uifaces/faces/twitter/ganserene/128.jpg
714,Boris_Abernathy,https://s3.amazonaws.com/uifaces/faces/twitter/themikenagle/128.jpg
715,Abbey_Wisoky,https://s3.amazonaws.com/uifaces/faces/twitter/borantula/128.jpg
716,Erick.McKenzie73,https://s3.amazonaws.com/uifaces/faces/twitter/flexrs/128.jpg
717,Stewart68,https://s3.amazonaws.com/uifaces/faces/twitter/antonyryndya/128.jpg
718,Hillary70,https://s3.amazonaws.com/uifaces/faces/twitter/nutzumi/128.jpg
719,Camryn_Hintz43,https://s3.amazonaws.com/uifaces/faces/twitter/saulihirvi/128.jpg
720,Godfrey.Hettinger,https://s3.amazonaws.com/uifaces/faces/twitter/adobi/128.jpg
721,Brittany40,https://s3.amazonaws.com/uifaces/faces/twitter/gojeanyn/128.jpg
722,Lazaro.Russel5,https://s3.amazonaws.com/uifaces/faces/twitter/fotomagin/128.jpg
723,Marques46,https://s3.amazonaws.com/uifaces/faces/twitter/greenbes/128.jpg
724,Dino43,https://s3.amazonaws.com/uifaces/faces/twitter/catadeleon/128.jpg
725,Garnet.Kuhic,https://s3.amazonaws.com/uifaces/faces/twitter/rob_thomas10/128.jpg
726,Reed.Haley,https://s3.amazonaws.com/uifaces/faces/twitter/abovefunction/128.jpg
727,Anabelle_Ernser,https://s3.amazonaws.com/uifaces/faces/twitter/pierre_nel/128.jpg
728,Kenny.Hermann93,https://s3.amazonaws.com/uifaces/faces/twitter/lmjabreu/128.jpg
729,Alvis.Bechtelar3,https://s3.amazonaws.com/uifaces/faces/twitter/muringa/128.jpg
730,Trent.Von93,https://s3.amazonaws.com/uifaces/faces/twitter/travis_arnold/128.jpg
731,Suzanne62,https://s3.amazonaws.com/uifaces/faces/twitter/danthms/128.jpg
732,Marquise77,https://s3.amazonaws.com/uifaces/faces/twitter/lanceguyatt/128.jpg
733,Madilyn18,https://s3.amazonaws.com/uifaces/faces/twitter/derekebradley/128.jpg
734,Eusebio.Hartmann95,https://s3.amazonaws.com/uifaces/faces/twitter/aaroni/128.jpg
735,General13,https://s3.amazonaws.com/uifaces/faces/twitter/aleclarsoniv/128.jpg
736,Vince_Tromp93,https://s3.amazonaws.com/uifaces/faces/twitter/sreejithexp/128.jpg
737,Zachariah_Effertz,https://s3.amazonaws.com/uifaces/faces/twitter/teddyzetterlund/128.jpg
738,Hester19,https://s3.amazonaws.com/uifaces/faces/twitter/d_kobelyatsky/128.jpg
739,Guido95,https://s3.amazonaws.com/uifaces/faces/twitter/SULiik/128.jpg
740,Melyssa16,https://s3.amazonaws.com/uifaces/faces/twitter/angelcreative/128.jpg
741,Sandy_Hahn,https://s3.amazonaws.com/uifaces/faces/twitter/imcoding/128.jpg
742,Vella80,https://s3.amazonaws.com/uifaces/faces/twitter/zvchkelly/128.jpg
743,Stanton.West,https://s3.amazonaws.com/uifaces/faces/twitter/kojourin/128.jpg
744,Natalie_Berge97,https://s3.amazonaws.com/uifaces/faces/twitter/ryandownie/128.jpg
745,Vickie_Greenholt83,https://s3.amazonaws.com/uifaces/faces/twitter/thedjpetersen/128.jpg
746,Immanuel.Von47,https://s3.amazonaws.com/uifaces/faces/twitter/sprayaga/128.jpg
747,Gwendolyn.Tromp,https://s3.amazonaws.com/uifaces/faces/twitter/bowbrick/128.jpg
748,Uriah7,https://s3.amazonaws.com/uifaces/faces/twitter/heykenneth/128.jpg
749,Hortense.Greenfelder54,https://s3.amazonaws.com/uifaces/faces/twitter/scott_riley/128.jpg
750,Duane55,https://s3.amazonaws.com/uifaces/faces/twitter/greenbes/128.jpg
751,Cora75,https://s3.amazonaws.com/uifaces/faces/twitter/carlyson/128.jpg
752,Terrell30,https://s3.amazonaws.com/uifaces/faces/twitter/arkokoley/128.jpg
753,Erica53,https://s3.amazonaws.com/uifaces/faces/twitter/arpitnj/128.jpg
754,Dee32,https://s3.amazonaws.com/uifaces/faces/twitter/pehamondello/128.jpg
755,Lyda_Bogisich87,https://s3.amazonaws.com/uifaces/faces/twitter/billyroshan/128.jpg
756,Eulah41,https://s3.amazonaws.com/uifaces/faces/twitter/tereshenkov/128.jpg
757,Lacy_Goodwin,https://s3.amazonaws.com/uifaces/faces/twitter/itskawsar/128.jpg
758,Albina_Kreiger,https://s3.amazonaws.com/uifaces/faces/twitter/hermanobrother/128.jpg
759,Jacquelyn83,https://s3.amazonaws.com/uifaces/faces/twitter/ryanmclaughlin/128.jpg
760,Alyson.Bogisich,https://s3.amazonaws.com/uifaces/faces/twitter/alxleroydeval/128.jpg
761,Rafael.Macejkovic48,https://s3.amazonaws.com/uifaces/faces/twitter/diesellaws/128.jpg
762,Ora_Adams23,https://s3.amazonaws.com/uifaces/faces/twitter/knilob/128.jpg
763,Preston.Jones,https://s3.amazonaws.com/uifaces/faces/twitter/shvelo96/128.jpg
764,Olaf.Fisher58,https://s3.amazonaws.com/uifaces/faces/twitter/artem_kostenko/128.jpg
765,Heloise_Bergstrom,https://s3.amazonaws.com/uifaces/faces/twitter/jcubic/128.jpg
766,Ryann_Shields61,https://s3.amazonaws.com/uifaces/faces/twitter/mashaaaaal/128.jpg
767,Fermin20,https://s3.amazonaws.com/uifaces/faces/twitter/kylefoundry/128.jpg
768,Charley_Howell,https://s3.amazonaws.com/uifaces/faces/twitter/eduardostuart/128.jpg
769,Geovanni_Lockman,https://s3.amazonaws.com/uifaces/faces/twitter/llun/128.jpg
770,Otis_Daugherty,https://s3.amazonaws.com/uifaces/faces/twitter/rweve/128.jpg
771,Sydni.Howe,https://s3.amazonaws.com/uifaces/faces/twitter/amanruzaini/128.jpg
772,Marisa_DuBuque55,https://s3.amazonaws.com/uifaces/faces/twitter/xripunov/128.jpg
773,Waylon79,https://s3.amazonaws.com/uifaces/faces/twitter/danillos/128.jpg
774,Yolanda77,https://s3.amazonaws.com/uifaces/faces/twitter/mikemai2awesome/128.jpg
775,Sherwood_Sawayn43,https://s3.amazonaws.com/uifaces/faces/twitter/grahamkennery/128.jpg
776,Reynold15,https://s3.amazonaws.com/uifaces/faces/twitter/jordyvdboom/128.jpg
777,Gilbert.Gibson52,https://s3.amazonaws.com/uifaces/faces/twitter/xamorep/128.jpg
778,Aric28,https://s3.amazonaws.com/uifaces/faces/twitter/mekal/128.jpg
779,Kathryne6,https://s3.amazonaws.com/uifaces/faces/twitter/ashocka18/128.jpg
780,Marcos_Daniel,https://s3.amazonaws.com/uifaces/faces/twitter/silv3rgvn/128.jpg
781,Barney_Kozey8,https://s3.amazonaws.com/uifaces/faces/twitter/johnsmithagency/128.jpg
782,Kaleb_Glover,https://s3.amazonaws.com/uifaces/faces/twitter/mangosango/128.jpg
783,Delfina.Frami74,https://s3.amazonaws.com/uifaces/faces/twitter/sterlingrules/128.jpg
784,Emiliano76,https://s3.amazonaws.com/uifaces/faces/twitter/sdidonato/128.jpg
785,Alda15,https://s3.amazonaws.com/uifaces/faces/twitter/duck4fuck/128.jpg
786,Joshua_Hane,https://s3.amazonaws.com/uifaces/faces/twitter/sulaqo/128.jpg
787,Delta4,https://s3.amazonaws.com/uifaces/faces/twitter/sbtransparent/128.jpg
788,Hilda_Mraz,https://s3.amazonaws.com/uifaces/faces/twitter/sydlawrence/128.jpg
789,Jorge_Stracke75,https://s3.amazonaws.com/uifaces/faces/twitter/thaisselenator_/128.jpg
790,Cody78,https://s3.amazonaws.com/uifaces/faces/twitter/melvindidit/128.jpg
791,Cullen34,https://s3.amazonaws.com/uifaces/faces/twitter/craighenneberry/128.jpg
792,Duane.Greenfelder38,https://s3.amazonaws.com/uifaces/faces/twitter/saschadroste/128.jpg
793,Katarina85,https://s3.amazonaws.com/uifaces/faces/twitter/vijaykarthik/128.jpg
794,Hayden.Ullrich27,https://s3.amazonaws.com/uifaces/faces/twitter/9lessons/128.jpg
795,Zelma50,https://s3.amazonaws.com/uifaces/faces/twitter/chrisslowik/128.jpg
796,Alphonso66,https://s3.amazonaws.com/uifaces/faces/twitter/elliotlewis/128.jpg
797,Gregg_McGlynn69,https://s3.amazonaws.com/uifaces/faces/twitter/msveet/128.jpg
798,Gladys.Braun,https://s3.amazonaws.com/uifaces/faces/twitter/suprb/128.jpg
799,Maiya_Purdy59,https://s3.amazonaws.com/uifaces/faces/twitter/duck4fuck/128.jpg
800,Robert3,https://s3.amazonaws.com/uifaces/faces/twitter/namankreative/128.jpg
801,Jacynthe_Osinski,https://s3.amazonaws.com/uifaces/faces/twitter/erwanhesry/128.jpg
802,Katlyn77,https://s3.amazonaws.com/uifaces/faces/twitter/devankoshal/128.jpg
803,Myles.Swaniawski90,https://s3.amazonaws.com/uifaces/faces/twitter/pyronite/128.jpg
804,Shad_Greenfelder30,https://s3.amazonaws.com/uifaces/faces/twitter/dcalonaci/128.jpg
805,Arthur_Funk27,https://s3.amazonaws.com/uifaces/faces/twitter/martinansty/128.jpg
806,Damaris.Kunde59,https://s3.amazonaws.com/uifaces/faces/twitter/rweve/128.jpg
807,Jaren55,https://s3.amazonaws.com/uifaces/faces/twitter/ipavelek/128.jpg
808,Cassandre.Kohler24,https://s3.amazonaws.com/uifaces/faces/twitter/meln1ks/128.jpg
809,Lynn.Grant,https://s3.amazonaws.com/uifaces/faces/twitter/skkirilov/128.jpg
810,Karlie.McGlynn7,https://s3.amazonaws.com/uifaces/faces/twitter/melvindidit/128.jpg
811,Freida_Hackett77,https://s3.amazonaws.com/uifaces/faces/twitter/lepinski/128.jpg
812,Cade.Boyle,https://s3.amazonaws.com/uifaces/faces/twitter/malykhinv/128.jpg
813,Michele90,https://s3.amazonaws.com/uifaces/faces/twitter/marlinjayakody/128.jpg
814,Lesley_Hayes,https://s3.amazonaws.com/uifaces/faces/twitter/danpliego/128.jpg
815,Albina82,https://s3.amazonaws.com/uifaces/faces/twitter/josevnclch/128.jpg
816,Izaiah.Rowe73,https://s3.amazonaws.com/uifaces/faces/twitter/chris_witko/128.jpg
817,Hunter.Mosciski,https://s3.amazonaws.com/uifaces/faces/twitter/romanbulah/128.jpg
818,Asia.Smitham,https://s3.amazonaws.com/uifaces/faces/twitter/brandonmorreale/128.jpg
819,Virgil.Lubowitz59,https://s3.amazonaws.com/uifaces/faces/twitter/findingjenny/128.jpg
820,Violette76,https://s3.amazonaws.com/uifaces/faces/twitter/_ragzor/128.jpg
821,Sandy_OKeefe4,https://s3.amazonaws.com/uifaces/faces/twitter/nutzumi/128.jpg
822,Carley.Mueller92,https://s3.amazonaws.com/uifaces/faces/twitter/alevizio/128.jpg
823,Astrid.Littel,https://s3.amazonaws.com/uifaces/faces/twitter/lingeswaran/128.jpg
824,Leslie4,https://s3.amazonaws.com/uifaces/faces/twitter/malgordon/128.jpg
825,Gunnar28,https://s3.amazonaws.com/uifaces/faces/twitter/michalhron/128.jpg
826,Addie_Berge,https://s3.amazonaws.com/uifaces/faces/twitter/patrickcoombe/128.jpg
827,Marjolaine_Gulgowski13,https://s3.amazonaws.com/uifaces/faces/twitter/ionuss/128.jpg
828,Abdullah60,https://s3.amazonaws.com/uifaces/faces/twitter/ilya_pestov/128.jpg
829,Jessie_Ratke87,https://s3.amazonaws.com/uifaces/faces/twitter/nastya_mane/128.jpg
830,Joelle_Jerde,https://s3.amazonaws.com/uifaces/faces/twitter/2fockus/128.jpg
831,Kara.Flatley67,https://s3.amazonaws.com/uifaces/faces/twitter/ipavelek/128.jpg
832,Travon_Cole,https://s3.amazonaws.com/uifaces/faces/twitter/Talbi_ConSept/128.jpg
833,Kaycee_Crist,https://s3.amazonaws.com/uifaces/faces/twitter/scrapdnb/128.jpg
834,Henderson.Hyatt3,https://s3.amazonaws.com/uifaces/faces/twitter/nicolasfolliot/128.jpg
835,Alverta_Oberbrunner,https://s3.amazonaws.com/uifaces/faces/twitter/davidcazalis/128.jpg
836,Emile_Stanton91,https://s3.amazonaws.com/uifaces/faces/twitter/knilob/128.jpg
837,Deshawn62,https://s3.amazonaws.com/uifaces/faces/twitter/abdullindenis/128.jpg
838,Gayle83,https://s3.amazonaws.com/uifaces/faces/twitter/omnizya/128.jpg
839,Monte_Quitzon34,https://s3.amazonaws.com/uifaces/faces/twitter/gkaam/128.jpg
840,Everett49,https://s3.amazonaws.com/uifaces/faces/twitter/vivekprvr/128.jpg
841,Porter.Fay,https://s3.amazonaws.com/uifaces/faces/twitter/batsirai/128.jpg
842,Jensen.Torphy,https://s3.amazonaws.com/uifaces/faces/twitter/terpimost/128.jpg
843,Vallie_Runte,https://s3.amazonaws.com/uifaces/faces/twitter/larrybolt/128.jpg
844,Jessica75,https://s3.amazonaws.com/uifaces/faces/twitter/bowbrick/128.jpg
845,Caitlyn_Swaniawski,https://s3.amazonaws.com/uifaces/faces/twitter/idiot/128.jpg
846,Wendy_Rogahn,https://s3.amazonaws.com/uifaces/faces/twitter/benefritz/128.jpg
847,Elna49,https://s3.amazonaws.com/uifaces/faces/twitter/kevinjohndayy/128.jpg
848,Veda.Weber,https://s3.amazonaws.com/uifaces/faces/twitter/dahparra/128.jpg
849,Kelley47,https://s3.amazonaws.com/uifaces/faces/twitter/ratbus/128.jpg
850,Rupert.Murphy,https://s3.amazonaws.com/uifaces/faces/twitter/pierrestoffe/128.jpg
851,Einar13,https://s3.amazonaws.com/uifaces/faces/twitter/ademilter/128.jpg
852,Marietta21,https://s3.amazonaws.com/uifaces/faces/twitter/evanshajed/128.jpg
853,Katheryn_Mohr,https://s3.amazonaws.com/uifaces/faces/twitter/jacksonlatka/128.jpg
854,Roma_Doyle60,https://s3.amazonaws.com/uifaces/faces/twitter/dorphern/128.jpg
855,Neil_Abshire,https://s3.amazonaws.com/uifaces/faces/twitter/mekal/128.jpg
856,Nellie.Cummerata,https://s3.amazonaws.com/uifaces/faces/twitter/murrayswift/128.jpg
857,Zella27,https://s3.amazonaws.com/uifaces/faces/twitter/dixchen/128.jpg
858,Luisa34,https://s3.amazonaws.com/uifaces/faces/twitter/sainraja/128.jpg
859,Darius_Swaniawski,https://s3.amazonaws.com/uifaces/faces/twitter/levisan/128.jpg
860,Domenica_Mueller88,https://s3.amazonaws.com/uifaces/faces/twitter/melvindidit/128.jpg
861,Sedrick.Koch,https://s3.amazonaws.com/uifaces/faces/twitter/michaelmartinho/128.jpg
862,Avis55,https://s3.amazonaws.com/uifaces/faces/twitter/jjsiii/128.jpg
863,Mary.Leffler,https://s3.amazonaws.com/uifaces/faces/twitter/antonyzotov/128.jpg
864,Sedrick71,https://s3.amazonaws.com/uifaces/faces/twitter/oskamaya/128.jpg
865,Erich_Kiehn94,https://s3.amazonaws.com/uifaces/faces/twitter/nutzumi/128.jpg
866,Lue59,https://s3.amazonaws.com/uifaces/faces/twitter/nepdud/128.jpg
867,Darrell.Abshire,https://s3.amazonaws.com/uifaces/faces/twitter/tumski/128.jpg
868,Marilie_Conroy,https://s3.amazonaws.com/uifaces/faces/twitter/hanna_smi/128.jpg
869,Margarette.Crona0,https://s3.amazonaws.com/uifaces/faces/twitter/coderdiaz/128.jpg
870,Lucienne.Kris,https://s3.amazonaws.com/uifaces/faces/twitter/vinciarts/128.jpg
871,Marjolaine76,https://s3.amazonaws.com/uifaces/faces/twitter/vinciarts/128.jpg
872,Cordie98,https://s3.amazonaws.com/uifaces/faces/twitter/justme_timothyg/128.jpg
873,Keegan98,https://s3.amazonaws.com/uifaces/faces/twitter/kijanmaharjan/128.jpg
874,Eulalia52,https://s3.amazonaws.com/uifaces/faces/twitter/ecommerceil/128.jpg
875,Anika40,https://s3.amazonaws.com/uifaces/faces/twitter/maximsorokin/128.jpg
876,Rhiannon5,https://s3.amazonaws.com/uifaces/faces/twitter/joshmedeski/128.jpg
877,Bernita28,https://s3.amazonaws.com/uifaces/faces/twitter/mrmartineau/128.jpg
878,Lenore.Blanda31,https://s3.amazonaws.com/uifaces/faces/twitter/vikasvinfotech/128.jpg
879,Maribel_Schowalter,https://s3.amazonaws.com/uifaces/faces/twitter/diesellaws/128.jpg
880,Nellie.Murphy33,https://s3.amazonaws.com/uifaces/faces/twitter/aroon_sharma/128.jpg
881,Baron_Williamson98,https://s3.amazonaws.com/uifaces/faces/twitter/tgerken/128.jpg
882,Catalina_Walsh19,https://s3.amazonaws.com/uifaces/faces/twitter/ahmetsulek/128.jpg
883,Noel.Blick,https://s3.amazonaws.com/uifaces/faces/twitter/pierre_nel/128.jpg
884,Gilbert.Cremin78,https://s3.amazonaws.com/uifaces/faces/twitter/keyuri85/128.jpg
885,Chelsea93,https://s3.amazonaws.com/uifaces/faces/twitter/linkibol/128.jpg
886,Cortez_Mitchell,https://s3.amazonaws.com/uifaces/faces/twitter/ryandownie/128.jpg
887,Gudrun.Stamm,https://s3.amazonaws.com/uifaces/faces/twitter/bfrohs/128.jpg
888,Kiel.Lueilwitz56,https://s3.amazonaws.com/uifaces/faces/twitter/gizmeedevil1991/128.jpg
889,Marilou.Hamill,https://s3.amazonaws.com/uifaces/faces/twitter/buzzusborne/128.jpg
890,Damian.Haag,https://s3.amazonaws.com/uifaces/faces/twitter/vikashpathak18/128.jpg
891,Margaretta_Stokes41,https://s3.amazonaws.com/uifaces/faces/twitter/madshensel/128.jpg
892,Royce51,https://s3.amazonaws.com/uifaces/faces/twitter/itsajimithing/128.jpg
893,Maya26,https://s3.amazonaws.com/uifaces/faces/twitter/oscarowusu/128.jpg
894,Eliane_Balistreri76,https://s3.amazonaws.com/uifaces/faces/twitter/iqonicd/128.jpg
895,Hassie_Barrows43,https://s3.amazonaws.com/uifaces/faces/twitter/cloudstudio/128.jpg
896,Julianne.Ullrich,https://s3.amazonaws.com/uifaces/faces/twitter/grahamkennery/128.jpg
897,Vidal.Ebert,https://s3.amazonaws.com/uifaces/faces/twitter/_ragzor/128.jpg
898,Madyson.Waters,https://s3.amazonaws.com/uifaces/faces/twitter/andrewabogado/128.jpg
899,Eino_Boehm,https://s3.amazonaws.com/uifaces/faces/twitter/kalmerrautam/128.jpg
900,Kenyon_Lakin98,https://s3.amazonaws.com/uifaces/faces/twitter/muringa/128.jpg
901,Linda51,https://s3.amazonaws.com/uifaces/faces/twitter/lewisainslie/128.jpg
902,Reid51,https://s3.amazonaws.com/uifaces/faces/twitter/BenouarradeM/128.jpg
903,Sandy54,https://s3.amazonaws.com/uifaces/faces/twitter/mattbilotti/128.jpg
904,Velma_Kohler83,https://s3.amazonaws.com/uifaces/faces/twitter/amandabuzard/128.jpg
905,Jacquelyn.Herman,https://s3.amazonaws.com/uifaces/faces/twitter/lhausermann/128.jpg
906,Augustus57,https://s3.amazonaws.com/uifaces/faces/twitter/posterjob/128.jpg
907,Marielle_Lueilwitz23,https://s3.amazonaws.com/uifaces/faces/twitter/overra/128.jpg
908,Alanis.Buckridge,https://s3.amazonaws.com/uifaces/faces/twitter/bassamology/128.jpg
909,Brendon_Morissette22,https://s3.amazonaws.com/uifaces/faces/twitter/mikemai2awesome/128.jpg
910,Jake_Monahan,https://s3.amazonaws.com/uifaces/faces/twitter/n_tassone/128.jpg
911,Carolyne_Heller,https://s3.amazonaws.com/uifaces/faces/twitter/nateschulte/128.jpg
912,Vivienne_Beier22,https://s3.amazonaws.com/uifaces/faces/twitter/jeremiaha/128.jpg
913,Sigurd49,https://s3.amazonaws.com/uifaces/faces/twitter/necodymiconer/128.jpg
914,Berenice_Crona64,https://s3.amazonaws.com/uifaces/faces/twitter/wesleytrankin/128.jpg
915,Clementina.Dach,https://s3.amazonaws.com/uifaces/faces/twitter/tgormtx/128.jpg
916,Coleman.Vandervort35,https://s3.amazonaws.com/uifaces/faces/twitter/emmeffess/128.jpg
917,Brando_Hartmann49,https://s3.amazonaws.com/uifaces/faces/twitter/tristanlegros/128.jpg
918,Mitchel_Bernier,https://s3.amazonaws.com/uifaces/faces/twitter/abovefunction/128.jpg
919,Kiel_Krajcik,https://s3.amazonaws.com/uifaces/faces/twitter/joelhelin/128.jpg
920,Zoila.Balistreri8,https://s3.amazonaws.com/uifaces/faces/twitter/to_soham/128.jpg
921,Arvilla_Bernier18,https://s3.amazonaws.com/uifaces/faces/twitter/dannol/128.jpg
922,Chaya_Ferry58,https://s3.amazonaws.com/uifaces/faces/twitter/croakx/128.jpg
923,Gerhard_Bins74,https://s3.amazonaws.com/uifaces/faces/twitter/mslarkina/128.jpg
924,Khalid21,https://s3.amazonaws.com/uifaces/faces/twitter/anaami/128.jpg
925,Laury_Bode39,https://s3.amazonaws.com/uifaces/faces/twitter/arpitnj/128.jpg
926,Justyn.Gutmann96,https://s3.amazonaws.com/uifaces/faces/twitter/lu4sh1i/128.jpg
927,Kaitlyn93,https://s3.amazonaws.com/uifaces/faces/twitter/anaami/128.jpg
928,Eugenia.Gibson,https://s3.amazonaws.com/uifaces/faces/twitter/jmillspaysbills/128.jpg
929,Myriam39,https://s3.amazonaws.com/uifaces/faces/twitter/samihah/128.jpg
930,Myron_Stark,https://s3.amazonaws.com/uifaces/faces/twitter/nckjrvs/128.jpg
931,Nestor.Schmitt25,https://s3.amazonaws.com/uifaces/faces/twitter/gabrielizalo/128.jpg
932,Mertie29,https://s3.amazonaws.com/uifaces/faces/twitter/depaulawagner/128.jpg
933,Yesenia.Robel98,https://s3.amazonaws.com/uifaces/faces/twitter/victordeanda/128.jpg
934,Marjory_Schuster65,https://s3.amazonaws.com/uifaces/faces/twitter/sovesove/128.jpg
935,Annabel.Hudson4,https://s3.amazonaws.com/uifaces/faces/twitter/samuelkraft/128.jpg
936,Carmela.Bergstrom81,https://s3.amazonaws.com/uifaces/faces/twitter/vocino/128.jpg
937,Arnulfo.Lowe,https://s3.amazonaws.com/uifaces/faces/twitter/jitachi/128.jpg
938,Herta.Hilll45,https://s3.amazonaws.com/uifaces/faces/twitter/karolkrakowiak_/128.jpg
939,Colton.Christiansen,https://s3.amazonaws.com/uifaces/faces/twitter/airskylar/128.jpg
940,Wilhelm.Bogan,https://s3.amazonaws.com/uifaces/faces/twitter/homka/128.jpg
941,Warren3,https://s3.amazonaws.com/uifaces/faces/twitter/terpimost/128.jpg
942,Emmanuel_Schimmel85,https://s3.amazonaws.com/uifaces/faces/twitter/collegeman/128.jpg
943,Marques.Barton8,https://s3.amazonaws.com/uifaces/faces/twitter/ehsandiary/128.jpg
944,Myrna.Ondricka,https://s3.amazonaws.com/uifaces/faces/twitter/ccinojasso1/128.jpg
945,Eloy.Yundt4,https://s3.amazonaws.com/uifaces/faces/twitter/dhooyenga/128.jpg
946,Maegan97,https://s3.amazonaws.com/uifaces/faces/twitter/stefvdham/128.jpg
947,Arne8,https://s3.amazonaws.com/uifaces/faces/twitter/danmartin70/128.jpg
948,Monserrat.Hermiston,https://s3.amazonaws.com/uifaces/faces/twitter/andrewarrow/128.jpg
949,Robert.Medhurst,https://s3.amazonaws.com/uifaces/faces/twitter/boxmodel/128.jpg
950,Eulah_Hermiston,https://s3.amazonaws.com/uifaces/faces/twitter/prrstn/128.jpg
951,Abdul.Flatley,https://s3.amazonaws.com/uifaces/faces/twitter/kylefrost/128.jpg
952,Gideon46,https://s3.amazonaws.com/uifaces/faces/twitter/coreyginnivan/128.jpg
953,Mason_Jones57,https://s3.amazonaws.com/uifaces/faces/twitter/benjamin_knight/128.jpg
954,Eldred_Russel25,https://s3.amazonaws.com/uifaces/faces/twitter/traneblow/128.jpg
955,Lloyd_Breitenberg,https://s3.amazonaws.com/uifaces/faces/twitter/a_harris88/128.jpg
956,Webster88,https://s3.amazonaws.com/uifaces/faces/twitter/muringa/128.jpg
957,Verla_Krajcik94,https://s3.amazonaws.com/uifaces/faces/twitter/jacksonlatka/128.jpg
958,Larry53,https://s3.amazonaws.com/uifaces/faces/twitter/franciscoamk/128.jpg
959,Julio_Runolfsson88,https://s3.amazonaws.com/uifaces/faces/twitter/benjamin_knight/128.jpg
960,Demarco.Gerhold,https://s3.amazonaws.com/uifaces/faces/twitter/santi_urso/128.jpg
961,Virginia_Beer,https://s3.amazonaws.com/uifaces/faces/twitter/allagringaus/128.jpg
962,Hyman.Prohaska46,https://s3.amazonaws.com/uifaces/faces/twitter/mrebay007/128.jpg
963,Carmela.Turner,https://s3.amazonaws.com/uifaces/faces/twitter/ruzinav/128.jpg
964,Moshe_Goyette16,https://s3.amazonaws.com/uifaces/faces/twitter/dixchen/128.jpg
965,Aidan_Deckow,https://s3.amazonaws.com/uifaces/faces/twitter/therealmarvin/128.jpg
966,Dovie_Krajcik1,https://s3.amazonaws.com/uifaces/faces/twitter/sharvin/128.jpg
967,Mallory.Kuhn58,https://s3.amazonaws.com/uifaces/faces/twitter/incubo82/128.jpg
968,River.Lehner,https://s3.amazonaws.com/uifaces/faces/twitter/nckjrvs/128.jpg
969,Magdalena_Langworth,https://s3.amazonaws.com/uifaces/faces/twitter/perretmagali/128.jpg
970,Arianna_Mayer6,https://s3.amazonaws.com/uifaces/faces/twitter/tomaslau/128.jpg
971,Rico.Harvey76,https://s3.amazonaws.com/uifaces/faces/twitter/perretmagali/128.jpg
972,Moriah_Keeling,https://s3.amazonaws.com/uifaces/faces/twitter/dotgridline/128.jpg
973,Jennings.Jast16,https://s3.amazonaws.com/uifaces/faces/twitter/chatyrko/128.jpg
974,Destany94,https://s3.amazonaws.com/uifaces/faces/twitter/bobbytwoshoes/128.jpg
975,Winston26,https://s3.amazonaws.com/uifaces/faces/twitter/gauravjassal/128.jpg
976,Karley18,https://s3.amazonaws.com/uifaces/faces/twitter/pixage/128.jpg
977,Jazmyn_Fisher29,https://s3.amazonaws.com/uifaces/faces/twitter/lawlbwoy/128.jpg
978,Eleonore_Herzog,https://s3.amazonaws.com/uifaces/faces/twitter/gojeanyn/128.jpg
979,Milford_Ledner,https://s3.amazonaws.com/uifaces/faces/twitter/eugeneeweb/128.jpg
980,Rosetta.Connelly4,https://s3.amazonaws.com/uifaces/faces/twitter/thewillbeard/128.jpg
981,Marcelino.Lind70,https://s3.amazonaws.com/uifaces/faces/twitter/tweetubhai/128.jpg
982,Zackery_Breitenberg19,https://s3.amazonaws.com/uifaces/faces/twitter/dparrelli/128.jpg
983,Brannon11,https://s3.amazonaws.com/uifaces/faces/twitter/dawidwu/128.jpg
984,Zachery64,https://s3.amazonaws.com/uifaces/faces/twitter/adobi/128.jpg
985,Hester.Baumbach53,https://s3.amazonaws.com/uifaces/faces/twitter/elenadissi/128.jpg
986,Alexandrine48,https://s3.amazonaws.com/uifaces/faces/twitter/alexivanichkin/128.jpg
987,Carter.Stroman,https://s3.amazonaws.com/uifaces/faces/twitter/chrismj83/128.jpg
988,Hailie9,https://s3.amazonaws.com/uifaces/faces/twitter/tumski/128.jpg
989,Adela_Carter60,https://s3.amazonaws.com/uifaces/faces/twitter/webtanya/128.jpg
990,Jacky63,https://s3.amazonaws.com/uifaces/faces/twitter/oskamaya/128.jpg
991,Garrison87,https://s3.amazonaws.com/uifaces/faces/twitter/maiklam/128.jpg
992,Letha44,https://s3.amazonaws.com/uifaces/faces/twitter/thomasschrijer/128.jpg
993,Retta52,https://s3.amazonaws.com/uifaces/faces/twitter/guillemboti/128.jpg
994,Friedrich42,https://s3.amazonaws.com/uifaces/faces/twitter/a1chapone/128.jpg
995,Kattie5,https://s3.amazonaws.com/uifaces/faces/twitter/switmer777/128.jpg
996,Jada79,https://s3.amazonaws.com/uifaces/faces/twitter/plbabin/128.jpg
997,Clifford_Spencer,https://s3.amazonaws.com/uifaces/faces/twitter/funwatercat/128.jpg
998,Adriana_Reichel,https://s3.amazonaws.com/uifaces/faces/twitter/pierre_nel/128.jpg
999,Hardy_Kub,https://s3.amazonaws.com/uifaces/faces/twitter/rez___a/128.jpg
1000,Hettie_Hoppe75,https://s3.amazonaws.com/uifaces/faces/twitter/psdesignuk/128.jpg
