id,url
0,https://bnbphotos23.s3-us-west-1.amazonaws.com/bulksplash-all_who_wander-ab-YjXofeRY.webp
1,https://bnbphotos23.s3-us-west-1.amazonaws.com/bulksplash-andreaedavis-3PQyPTSUWmY.webp
2,https://bnbphotos23.s3-us-west-1.amazonaws.com/bulksplash-andreaedavis-DvXEsvwVkB0.webp
3,https://bnbphotos23.s3-us-west-1.amazonaws.com/bulksplash-andreaedavis-IWfe63thJxk.webp
4,https://bnbphotos23.s3-us-west-1.amazonaws.com/bulksplash-andreaedavis-V5KRB7F3j2A.webp
5,https://bnbphotos23.s3-us-west-1.amazonaws.com/bulksplash-andreaedavis-cYCcdsTeZaA.webp
6,https://bnbphotos23.s3-us-west-1.amazonaws.com/bulksplash-andreaedavis-dMsZzJXt8I0.webp
7,https://bnbphotos23.s3-us-west-1.amazonaws.com/bulksplash-andrewpetrischev-a0u3bsXbZm4.webp
8,https://bnbphotos23.s3-us-west-1.amazonaws.com/bulksplash-avasol-PwX0aCrppSM.webp
9,https://bnbphotos23.s3-us-west-1.amazonaws.com/bulksplash-babikacharava-ka2F0K_vrYA.webp
10,https://bnbphotos23.s3-us-west-1.amazonaws.com/bulksplash-basitbirdy-gO1TBygUAgI.webp
11,https://bnbphotos23.s3-us-west-1.amazonaws.com/bulksplash-benjaminmanley-pAxU2_st5jo.webp
12,https://bnbphotos23.s3-us-west-1.amazonaws.com/bulksplash-bigmck56-bKi8L_h7jmg.webp
13,https://bnbphotos23.s3-us-west-1.amazonaws.com/bulksplash-brett_jordan-DTfSrbsfEPU.webp
14,https://bnbphotos23.s3-us-west-1.amazonaws.com/bulksplash-brookelark-u1XO8rGzMTQ.webp
15,https://bnbphotos23.s3-us-west-1.amazonaws.com/bulksplash-candjstudios-CGZbE-Pa1S8.webp
16,https://bnbphotos23.s3-us-west-1.amazonaws.com/bulksplash-carlheyerdahl-KE0nC8-58MQ.webp
17,https://bnbphotos23.s3-us-west-1.amazonaws.com/bulksplash-chrisbecker-VnSmGDdKk-E.webp
18,https://bnbphotos23.s3-us-west-1.amazonaws.com/bulksplash-creatveight-z3QZ6gjGRt4.webp
19,https://bnbphotos23.s3-us-west-1.amazonaws.com/bulksplash-designecologist-SQuY313aZyA.webp
20,https://bnbphotos23.s3-us-west-1.amazonaws.com/bulksplash-designecologist-csVPdj60E1A.webp
21,https://bnbphotos23.s3-us-west-1.amazonaws.com/bulksplash-element5digital-VXlUgmI6ToE.webp
22,https://bnbphotos23.s3-us-west-1.amazonaws.com/bulksplash-emdjay-LRcPNV8HQ3Q.webp
23,https://bnbphotos23.s3-us-west-1.amazonaws.com/bulksplash-fatasuir9-Wok4oq2Shq0.webp
24,https://bnbphotos23.s3-us-west-1.amazonaws.com/bulksplash-federicagiusti-my6gx6s_Fr8.webp
25,https://bnbphotos23.s3-us-west-1.amazonaws.com/bulksplash-filmlav-qxAAvqECvew.webp
26,https://bnbphotos23.s3-us-west-1.amazonaws.com/bulksplash-franagain-iRRH_D4pzLI.webp
27,https://bnbphotos23.s3-us-west-1.amazonaws.com/bulksplash-franagain-t-Yatdo406c.webp
28,https://bnbphotos23.s3-us-west-1.amazonaws.com/bulksplash-fredmarriage-UcfKYTan-LU.webp
29,https://bnbphotos23.s3-us-west-1.amazonaws.com/bulksplash-fromitaly-Mx_W2atEaDo.webp
30,https://bnbphotos23.s3-us-west-1.amazonaws.com/bulksplash-gabriel_tresch-OTujHMTNa-A.webp
31,https://bnbphotos23.s3-us-west-1.amazonaws.com/bulksplash-gabrielrana-weBXvh0bwjA.webp
32,https://bnbphotos23.s3-us-west-1.amazonaws.com/bulksplash-gbeaudry-WuQME0I_oZA.webp
33,https://bnbphotos23.s3-us-west-1.amazonaws.com/bulksplash-giorgiotrovato-yRx7td8enT8.webp
34,https://bnbphotos23.s3-us-west-1.amazonaws.com/bulksplash-gitoan-N7GM4eHpCN8.webp
35,https://bnbphotos23.s3-us-west-1.amazonaws.com/bulksplash-heftiba-4t8_1MKvPd8.webp
36,https://bnbphotos23.s3-us-west-1.amazonaws.com/bulksplash-heftiba-90C5NsvBzwg.webp
37,https://bnbphotos23.s3-us-west-1.amazonaws.com/bulksplash-heftiba-dE8HQZClGsI.webp
38,https://bnbphotos23.s3-us-west-1.amazonaws.com/bulksplash-heftiba-oKbQxVusp8M.webp
39,https://bnbphotos23.s3-us-west-1.amazonaws.com/bulksplash-hutomoabrianto-9ZvuWg8deho.webp
40,https://bnbphotos23.s3-us-west-1.amazonaws.com/bulksplash-ismail_elazizi-MtzfmOaX1Dg.webp
41,https://bnbphotos23.s3-us-west-1.amazonaws.com/bulksplash-jenskreuter-ngMtsE5r9eI.webp
42,https://bnbphotos23.s3-us-west-1.amazonaws.com/bulksplash-jilburr-0WVik0B5UWY.webp
43,https://bnbphotos23.s3-us-west-1.amazonaws.com/bulksplash-jmeyer1220-Tx2eYFaPJbU.webp
44,https://bnbphotos23.s3-us-west-1.amazonaws.com/bulksplash-jonathanborba-Oe8PkTNYCPY.webp
45,https://bnbphotos23.s3-us-west-1.amazonaws.com/bulksplash-joonas1233-APFyIrmgbAE.webp
46,https://bnbphotos23.s3-us-west-1.amazonaws.com/bulksplash-joshsorenson--aZQyaeM-ro.webp
47,https://bnbphotos23.s3-us-west-1.amazonaws.com/bulksplash-julianhochgesang-2Z0AsJzhEUA.webp
48,https://bnbphotos23.s3-us-west-1.amazonaws.com/bulksplash-ka_idris-L9-sfN04jdk.webp
49,https://bnbphotos23.s3-us-west-1.amazonaws.com/bulksplash-karlbewick-zup4vGFK2qI.webp
50,https://bnbphotos23.s3-us-west-1.amazonaws.com/bulksplash-kazoomuse-0g84FyOQX2c.webp
51,https://bnbphotos23.s3-us-west-1.amazonaws.com/bulksplash-krisatomic-3b2tADGAWnU.webp
52,https://bnbphotos23.s3-us-west-1.amazonaws.com/bulksplash-laurachouette-bXwTBvB_T-Y.webp
53,https://bnbphotos23.s3-us-west-1.amazonaws.com/bulksplash-lexie_barnhorn-HxmBvIedr6k.webp
54,https://bnbphotos23.s3-us-west-1.amazonaws.com/bulksplash-lgnwvr-_0wqcnBmGWs.webp
55,https://bnbphotos23.s3-us-west-1.amazonaws.com/bulksplash-lianamikah-WMcitUcSgEg.webp
56,https://bnbphotos23.s3-us-west-1.amazonaws.com/bulksplash-lucabravo-9l_326FISzk.webp
57,https://bnbphotos23.s3-us-west-1.amazonaws.com/bulksplash-lycan-rbBfl8Ls8-c.webp
58,https://bnbphotos23.s3-us-west-1.amazonaws.com/bulksplash-mattixdesign-q2Kg5sCkCS0.webp
59,https://bnbphotos23.s3-us-west-1.amazonaws.com/bulksplash-mauro_paladini-7YLtGKjdVu4.webp
60,https://bnbphotos23.s3-us-west-1.amazonaws.com/bulksplash-mbuff-rLQyusOfQUc.webp
61,https://bnbphotos23.s3-us-west-1.amazonaws.com/bulksplash-moonshadowpress-boR7SuyzB7Q.webp
62,https://bnbphotos23.s3-us-west-1.amazonaws.com/bulksplash-mostafa_meraji-iTXcRSMpkHY.webp
63,https://bnbphotos23.s3-us-west-1.amazonaws.com/bulksplash-mrrights-1MEfUjhfJvg.webp
64,https://bnbphotos23.s3-us-west-1.amazonaws.com/bulksplash-neonbrand-kdwahpWYfQo.webp
65,https://bnbphotos23.s3-us-west-1.amazonaws.com/bulksplash-neonbrand-zWviUB8c1a8.webp
66,https://bnbphotos23.s3-us-west-1.amazonaws.com/bulksplash-nico86-dC7UwJRNAgs.webp
67,https://bnbphotos23.s3-us-west-1.amazonaws.com/bulksplash-ninjason-VB1QG7mBNnM.webp
68,https://bnbphotos23.s3-us-west-1.amazonaws.com/bulksplash-nrly-9q3I8XhesQI.webp
69,https://bnbphotos23.s3-us-west-1.amazonaws.com/bulksplash-phillipglickman-NPFmfhJQNAc.webp
70,https://bnbphotos23.s3-us-west-1.amazonaws.com/bulksplash-pundalex-JzuZH8mQnHs.webp
71,https://bnbphotos23.s3-us-west-1.amazonaws.com/bulksplash-pureimages2020-PeJWBQ5O6g8.webp
72,https://bnbphotos23.s3-us-west-1.amazonaws.com/bulksplash-radu_marcusu-mbKApJz6RSU.webp
73,https://bnbphotos23.s3-us-west-1.amazonaws.com/bulksplash-rc820--_GHlt3MpuM.webp
74,https://bnbphotos23.s3-us-west-1.amazonaws.com/bulksplash-sadswim-Jg2bsrWF2_o.webp
75,https://bnbphotos23.s3-us-west-1.amazonaws.com/bulksplash-sarahdorweiler-x2Tmfd1-SgA.webp
76,https://bnbphotos23.s3-us-west-1.amazonaws.com/bulksplash-seffen99-GmRiN7tVW1w.webp
77,https://bnbphotos23.s3-us-west-1.amazonaws.com/bulksplash-sharonmccutcheon-Z32N5XVeDlI.webp
78,https://bnbphotos23.s3-us-west-1.amazonaws.com/bulksplash-sharonmccutcheon-bnkKG5cRTJ4.webp
79,https://bnbphotos23.s3-us-west-1.amazonaws.com/bulksplash-sharonmccutcheon-eMP4sYPJ9x0.webp
80,https://bnbphotos23.s3-us-west-1.amazonaws.com/bulksplash-sidekix-WOCpFXVey2w.webp
81,https://bnbphotos23.s3-us-west-1.amazonaws.com/bulksplash-sidekix-_AK42TQRyCw.webp
82,https://bnbphotos23.s3-us-west-1.amazonaws.com/bulksplash-taureanseiichi-kxHDkJZ7NLw.webp
83,https://bnbphotos23.s3-us-west-1.amazonaws.com/bulksplash-utkuozen--Ne9RL80kLg.webp
84,https://bnbphotos23.s3-us-west-1.amazonaws.com/bulksplash-vincentwac-zP316KSOX0E.webp
85,https://bnbphotos23.s3-us-west-1.amazonaws.com/bulksplash-vnwayne-Pgr4KaSevvs.webp
86,https://bnbphotos23.s3-us-west-1.amazonaws.com/bulksplash-windclems-8XP3fpb40rY.webp
87,https://bnbphotos23.s3-us-west-1.amazonaws.com/bulksplash-xinimini-kv-sKtLTUlw.webp
88,https://bnbphotos23.s3-us-west-1.amazonaws.com/bulksplash-zane4004-2LLTa1hU7Pk.webp
